Project_Name,Project_URL,Project_Hash,pytest_Status
BT-Tracker,https://github.com/nordwind80/BT-Tracker,558c15b399871c1ca11d0c4ae1eb598e3060931e,Success
Breathe,https://github.com/mrob95/Breathe,4600818e24f4156cd7bb8cc0f43886b27323968e,Success
Butter.MAS.PythonAPI,https://github.com/bennymeg/Butter.MAS.PythonAPI,f86ebe75df3826f62a268645cdbe4400b43fab07,Success
CMasher,https://github.com/1313e/CMasher,fccda3b76ac93e089f34be572b984b7718076756,Success
ChainConsumer,https://github.com/samreay/ChainConsumer,3206a98f5e121ff3e17c30c840710bd7fda59fca,Success
CmdKit,https://github.com/glentner/CmdKit,b8d4572612667080807b2b26d47c624a330c2872,Fail_to_Fetch_Tests
Coinsta,https://github.com/PyDataBlog/Coinsta,7cdce24669e5ab40852f0b88329c68e5bb568f5b,Success
ColonyScanalyser,https://github.com/Erik-White/ColonyScanalyser,38034b7d62a7c4f72a9f6981d0218c23f22cc7c8,Success
ConfigMaster,https://github.com/SunDwarf/ConfigMaster,8018aa415da55c84edaa8a49664f674758a14edd,Project_Not_Found
DESlib,https://github.com/Menelau/DESlib,77d0ccb491c522e7505d9ac6081b72cac001cb9e,Fail_to_Fetch_Tests
DotDot,https://github.com/Gsllchb/DotDot,89a6f7a86866de9c348f7e91da57c359c94568db,Success
EZconfig,https://github.com/shalev67/EZconfig,2cedba67fbfe0ca448ccf7134b51e4e9329a6d16,Success
EasyJWT,https://github.com/BMeu/EasyJWT,49e888f5441b72c88ddf659c32b4f3096063f0e5,Fail_to_Fetch_Tests
firebase-live-data,https://github.com/heston/firebase-live-data,dd73615ccfae11e95830f49df8d3a90546d671f5,Success
flask_googletrans,https://github.com/mrf345/flask_googletrans/,e7ec3057bdbe57bb30928edc41fdeb0d19a0984d,Success
Flask-InterfacePubSub,https://github.com/rafaelportugal/Flask-InterfacePubSub,60904ceafed88e25c1504aa0300d37780c09c50b,Fail_to_Fetch_Tests
Flask-JWT-Router,https://github.com/joegasewicz/Flask-JWT-Router,0fb1e256c81409be6f08d8be12f07e5f58b4f914,Success
flask-multi-redis,https://github.com/max-k/flask-multi-redis,fa781d3598448a6429309a686de9a8adb53f9f34,Success
Flaskerizer,https://github.com/brettvanderwerff/Flaskerizer,5a9724804f4e479fc3289e8644dc788adfeff06d,Success
GDAX-Python,https://github.com/danpaquin/GDAX-Python,19cac25c51e592994cfa86ec487eef6a5c76718f,Fail_to_Fetch_Tests
GOApy,https://github.com/leopepe/GOApy,a8e0dfe5f0f593107884ad54f89a27f67ee28129,Success
GraphRole,https://github.com/dkaslovsky/GraphRole,6a2591ee3075f9d4ea5cd0b05dc38a8231b9c828,Fail_to_Fetch_Tests
HikLoad,https://github.com/Tedyst/HikLoad,b3eb7be65bd34040992e1b7b15f23ff4ce2e8dc4,Success
IOCynergy,https://github.com/omersaraf/IOCynergy,1821423680f741d8ca06bcc6a02c8b21156f9ba0,Success
JavPy,https://github.com/TheodoreKrypton/JavPy,61df53aafbfbd05ed1efa8c51a08d6e9252cb533,Success
LabIFSC,https://github.com/gjvnq/LabIFSC,cb56b75f51eb54680d0b81f4c87aa0234538a2a8,Success
Lyricfetch,https://github.com/ocaballeror/Lyricfetch,0cf9e3c541712933b1050e942671a92028e11f9c,Success
MusicAPI,https://github.com/kushao1267/MusicAPI,c6340d5dd6df869a90a44a311d3cd7a383bd4cf4,Success
NestedDictionary,https://github.com/cahoy/NestedDictionary,881f0ea8af36a60fcd1b9d7a84b1aec4cd7072b2,Success
Neuraxle,https://github.com/Neuraxio/Neuraxle,20c6e5713198345b43bf6899355f1b5cf65eb02c,Success
NeuroKit.py,https://github.com/neuropsychology/NeuroKit.py,fc77dc94e421d5b166a5516b7186bae483d753bd,Success
OccamTools,https://github.com/mortele/OccamTools,26c47709f6b870c89403f03ade0950de9f301639,Success
PBjam,https://github.com/grd349/PBjam,f387d840685831955c79dec83c792ab0d297aadc,Fail_to_Fetch_Tests
penman,https://github.com/goodmami/penman,e83cf6d006724d72a3e19a955aad94412da912b7,Success
Py-MI-PS,https://github.com/AshtonUPS/Py-MI-PS,2d22327c75bac1b58a4804a61e7a703ecc5ba978,Success
PyGraph,https://github.com/Rickecr/PyGraph,e81c3a0f543f5bfcda1a603c6dcecde13d582c57,Success
PyInvestor,https://github.com/SamurAi-sarl/PyInvestor,09259ad387dab597a7a525ae73090dffb886968f,Success
PyJsonFriendly,https://github.com/maboualidev/PyJsonFriendly,8b1ee498bc7a27024851b5101bf09913031e2477,Success
PyPOM,https://github.com/mozilla/PyPOM,9cb84df9d27b428b4e7423d1bbe6502e92990154,Fail_to_Fetch_Tests
PyRedisEasyIO,https://github.com/washad/PyRedisEasyIO,30d566760aa622ae6e8fcc1fa4abdc79b6bda614,Success
PySyncDroid,https://github.com/DusanMadar/PySyncDroid,9a217a54f4286af8e7505c184eb2a6775f52d815,Success
PySyncObj,https://github.com/bakwc/PySyncObj,792b6112cfa234716f5e0408194114f1abc8b1ad,Time_Out
PyXenaValkyrie,https://github.com/xenadevel/PyXenaValkyrie,92b45f1f37a5589cbdb9224a287fa0426d2c8d47,Success
QTAF,https://github.com/Tencent/QTAF,c9141e8fbdfd89f5f13dd59dfab17f9e8193dcf8,Success
Rainy,https://github.com/kngwyu/Rainy,28a7ea53e577a9c209414b4fff3a22c6d8b530d0,Fail_to_Fetch_Tests
RandomFileTree,https://github.com/klieret/RandomFileTree,aaaa975ae61afa6f0f5b481ebafcfa0f0216e471,Success
RaspberryPiMovementDetector,https://github.com/KSanthanam/RaspberryPiMovementDetector,a415e5aca22fa41ce0eba0b61cf56d3035f92f64,Success
ReactOBus,https://github.com/ivoire/ReactOBus,841d5c0442ffe92fcaec278e07053afe5b93d925,Success
Reusables,https://github.com/cdgriffith/Reusables,171ea3dc10a37ed46ff833c48926a995496d2fc6,Success
SCout,https://github.com/holzkohlengrill/SCout,8fd1eca0607b27d6e0c537b2ea1211d23356edff,Success
SNData,https://github.com/djperrefort/SNData,e4854f0dc357484b437b15f9dac15f7c589eff58,Success
sslyze,https://github.com/nabla-c0d3/sslyze,bf1b01048560308654b31bf55ad2d2363285f95f,Fail_to_Fetch_Tests
Santaslist,https://github.com/obihann/Santaslist,e678a70b41047defc42261d0b483fb75677c5c10,Fail_to_Fetch_Tests
SimPyClassic,https://github.com/SimPyClassic/SimPyClassic,b59fb83742e484f2c590ed005ac911868727d59d,Fail_to_Fetch_Tests
StrangeCase,https://github.com/colinta/StrangeCase,dd2385745dba1211439fc1d0b0dae72b30e4b3b2,Fail_to_Fetch_Tests
Tale,https://github.com/irmen/Tale,a2a26443465ab6978b32d9253e833471500e7b68,Success
Twitch-Python,https://github.com/PetterKraabol/Twitch-Python,49ddf2c826f147e009d0931eee59cf81ad5fea7d,Fail_to_Fetch_Tests
Verifone,https://github.com/vilkasgroup/Verifone,5509c08767a9b482cfe5a9572854cf4c73ad6c02,Success
YAROM,https://github.com/openworm/YAROM,cd4fb6cb8fac72a198858225ce89ad8b9c9175fd,Success
abagen,https://github.com/rmarkello/abagen,4af521f6d7e71d4bbebb4960ff2447256e2447eb,Success
accessify,https://github.com/dmytrostriletskyi/accessify,6b7cf8657ffe18cd6a43c6cfb73b071084f0331e,Success
acme-mgmtserver,https://github.com/mswart/acme-mgmtserver,c3a0d90f80ced8724515e7bbec3764b16581e5b6,Success
aiobfd,https://github.com/netedgeplus/aiobfd,090122474d5bf6266393f0908c13be5812fdb1c3,Success
aiopylimit,https://github.com/dmarkey/aiopylimit,b4075a8ac30dbbef59a2243f618a35a2f54b590c,Success
aiotasks,https://github.com/cr0hn/aiotasks,ec485c84db55227c9283319a9c58401e294a06ff,Success
airflow_xplenty,https://github.com/apartmentlist/airflow_xplenty,445c21782b985bfdbfffa4608a1dc90411af8aed,Project_Not_Found
alertlogicAPI,https://github.com/Fabio-CS/alertlogicAPI,8c5176ea611479aeb5475d6fd98f2a3688a7a631,Success
alphanum_code,https://github.com/ylaizet/alphanum_code,fb5cd313dc41f046aac01ff01d6e1561d17894a6,Success
amplimap,https://github.com/koelling/amplimap,47a65e624e4a7f7ed62b029e6ed65dc78cf34ac7,Fail_to_Fetch_Tests
andriller,https://github.com/den4uk/andriller,5e856ca92ef7e9bf732f28cbd8e341181976654f,Fail_to_Fetch_Tests
anonapi,https://github.com/sjoerdk/anonapi,5e70dfd9fcb7dcc4e2345a6a153d9530f4886e73,Success
api-python,https://github.com/datacommonsorg/api-python,6d09ca1557da0af893f008f7302801f12afc2d46,Success
appnexus-client,https://github.com/numberly/appnexus-client,8d39ff7b9d290e0e1b9d16ea7302c0288f495bef,Success
apyhgnc,https://github.com/robertopreste/apyhgnc,26efa764a2262cfa12c8a2f0f077569e7f3e4e79,Success
argutil,https://github.com/cmccandless/argutil,15b4d309fefe7a2d7648dac3974bd22ba7b1030a,Success
aries-staticagent-python,https://github.com/hyperledger/aries-staticagent-python,62f0e4e435e4e324f76a8fb724d0f733192bc0c3,Success
arlib,https://github.com/gongliyu/arlib,6918f0146dab459369ec2861fe68d796acff8ea6,Fail_to_Fetch_Tests
astrocyte,https://github.com/dbbs-lab/astrocyte,3fa30fa2897ef1ea4dd94b2c9d6ddd3efb2a2b1a,Success
asv,https://github.com/airspeed-velocity/asv,a131ca742daf53c4521fbfefeb53507b5c140c84,Success
async-kinesis-client,https://github.com/whale2/async-kinesis-client,e7df499141854b8b7638a7ab0adce14a4d28201e,Success
asyncloop,https://github.com/dgkim5360/asyncloop,e4f50156a74ee6430a8ade66f201ba61066396e4,Success
atlasclient,https://github.com/jpoullet2000/atlasclient,02b3e7d9a6596d1123fc22b6bfed08d60105d19e,Success
aud,https://github.com/zdhoward/aud,2dfc81dad3da78537e1b1c6f5cc5630ba5b837f9,Success
authnzerver,https://github.com/waqasbhatti/authnzerver,bc735a1c9e1c084c40854a539a000d69a50ed486,Success
autoclasswrapper,https://github.com/pierrepo/autoclasswrapper,af43dd833e5586386098d1793a59332e968069da,Success
autodiscover,https://github.com/nicolaszein/autodiscover,3009f81c51b7a4cb077427e429d740db98eb173b,Success
py-autodoc,https://github.com/heavenshell/py-autodoc,001d5ff03d41a5d714075eb08e666c413d50f0ac,Success
autoyaml,https://github.com/martyni/autoyaml,be3f450667bcca477683e63bcc49c67c5d170855,Success
aws-lambda-decorators,https://github.com/gridsmartercities/aws-lambda-decorators,bbd25a7002b99e57fe7da225b6aad06cb1e43b9c,Success
awsume,https://github.com/trek10inc/awsume,e1fb812d14fd4f4508ceaf9c51dcdb8d091284c2,Fail_to_Fetch_Tests
axondeepseg,https://github.com/neuropoly/axondeepseg,7a0e6f130f79086de35c2d996612dae132ebfc3e,Fail_to_Fetch_Tests
baas-sdk-python,https://github.com/nec-baas/baas-sdk-python,83b0916af0e4f3167a232ac7eb06b82331adc172,Fail_to_Fetch_Tests
bankroll,https://github.com/bankroll-py/bankroll,f1f147143e0fc8380267bee91da7d6fb4f409ada,Fail_to_Fetch_Tests
base10,https://github.com/mattdavis90/base10,93577e85215e4cd7f02a504ff6a23501d56a1748,Success
basic_auth,https://github.com/rorymurdock/basic_auth,622f2133c13988cec549f4ea55bed14e50f90876,Success
beem,https://github.com/holgern/beem,f3c3bd84daccac1ee4ed45c1ada0f88f29ca3f2f,Success
blogit,https://github.com/oz123/blogit,15b94969fa43aaf8dc677a8184b144ae8c0f7700,Success
bloomtime,https://github.com/Poogles/bloomtime,94343456192c0a4837ddad2c421d59c7a3fd02fa,Success
bloop,https://github.com/numberoverzero/bloop,7ee0b0e20935dd0f396e758e7b0c26c76a316338,Success
bluebees,https://github.com/matheuswhite/bluebees,ca18ee6dae60393480bac3893038790957727748,Success
boatd,https://github.com/boatd/boatd,bfd389f980d6c8cfd8e036dc1be1e746e891968b,Success
bomweather,https://github.com/aguinane/bomweather,cfe945a64900a9207a44c42551ec2c365916b7d2,Success
bootstrap_env,https://github.com/jedie/bootstrap_env,ab68025d8f6b9a17d8feeed83e8aae26e3f28769,Success
bottle-neck,https://github.com/agile4you/bottle-neck.git,ebc670a4b178255473d68e9b4122ba04e38f4810,Success
brian2modelfitting,https://github.com/brian-team/brian2modelfitting,7f01463bf5be47cc82e26f033819c8a82cefac2b,Success
bruker2nifti,https://github.com/SebastianoF/bruker2nifti,4fbac970e9125f3e53dd5e31d63b971ad739a6d2,Success
buildozer,https://github.com/kivy/buildozer,4a18fb321e8410c44c9a62bd65671f33df3a470b,Success
bupper,https://github.com/michaelpb/bupper,d3751472b90132e781dfb32310b5b567658b7f31,Success
cBinder,https://github.com/Tetrite/cBinder,940e8c78eb9cf2eda1bc69427a6279b8b832bfe1,Success
python-caching,https://github.com/bofm/python-caching,16de50c119f8896e923e3f10488ecf6ffe535f45,Success
carbonize,https://github.com/eillarra/carbonize,efc89b8a9e44f9d64110406ce70929a9671517c7,Success
cdQA,https://github.com/cdqa-suite/cdQA,40387925db8f0da44a5bd2fe549cde675a92d479,Fail_to_Fetch_Tests
cellpy,https://github.com/jepegit/cellpy,6fca7ff1dd85bdf7500f1cd4cbc73e8395150748,Success
centreon-sdk-python,https://github.com/guillaumewatteeux/centreon-sdk-python,9f207d5458afc3304e24f16988069467b19eab81,Success
centrosome,https://github.com/CellProfiler/centrosome,878a4ef7c3d39dcab893ed27838c9338c5721c5b,Fail_to_Fetch_Tests
cfgsaver,https://github.com/prahladyeri/cfgsaver,9654076b418c96bcddbf2fddc5fdb0f6f4117278,Success
cfitall,https://github.com/wryfi/cfitall,690a84fe9fd820b8b77bc2bb1fe621231a2ed3f7,Fail_to_Fetch_Tests
charpy,https://github.com/sylhare/charpy,82d82f8f3546f2104840a5026ad6c8d5157a91bd,Success
chazutsu,https://github.com/chakki-works/chazutsu,734828f2f05799a1d59d9280a032bf5996fe3261,Success
cherry,https://github.com/Windsooon/cherry,bc6ae1f0284d837fb95279098538530312313534,Success
chuda,https://github.com/Varkal/chuda,bd4d30c0f809d5349752ab2f322f30b01ab6b4a4,Success
ci-diff-helper,https://github.com/dhermes/ci-diff-helper,876affd3ba49d78c48708a12103d39ef3c7d5f1d,Success
citrine-python,https://github.com/CitrineInformatics/citrine-python,8fec512d0261ab7a5a94f5354022519a1dd81146,Fail_to_Fetch_Tests
cityseer,https://github.com/cityseer/cityseer,2d71d5dc962054f6cd1e87b5a61b43e8f4ddbec0,Fail_to_Fetch_Tests
clashogram,https://github.com/mehdisadeghi/clashogram,5b8cc18adfc92ad381040ee25b750df462122939,Success
cli-tools,https://github.com/codemagic-ci-cd/cli-tools,bc545dcce32aeddf3582f88774c753dde1381a3b,Fail_to_Fetch_Tests
client_python,https://github.com/prometheus/client_python,5b0a476489fc6a26c177683b539142c91005de06,Success
clinner,https://github.com/PeRDy/clinner,0a9abfb7495f76d4233523ad5fb7ce219741589f,Fail_to_Fetch_Tests
cloud-validation-framework,https://github.com/prancer-io/cloud-validation-framework,94522590d9881a5125d81da701a65f7f63383c0d,Success
cloudnetpy,https://github.com/tukiains/cloudnetpy,26f2607b890630146469cfa410fce99438ceee3f,Success
clu,https://github.com/nir0s/clu,77da967a4577ca4cf100cfe34e87b39ad88bf21c,Success
codespell,https://github.com/codespell-project/codespell,cc51bbbe505cbc23eae32f52deb2cc7c8b33a0eb,Fail_to_Fetch_Tests
coinbase-commerce-python,https://github.com/coinbase/coinbase-commerce-python,d306fc562309edb909c8ace501c63327a7635975,Success
coinbasepro-python,https://github.com/danpaquin/coinbasepro-python,19cac25c51e592994cfa86ec487eef6a5c76718f,Fail_to_Fetch_Tests
colltools,https://github.com/JakubTesarek/colltools,e50f98ccda33ab409fcdba277a39f071824e24c7,Success
compare-mt,https://github.com/neulab/compare-mt,92502b30b1f228773179a01dd86fe1b8dfd400e5,Success
compilertools,https://github.com/JGoutin/compilertools,7b898cb6970f5f25c5356b15a2efd0cb2e54d566,Success
compiletools,https://github.com/Zomojo/compiletools,e45c5ad452b86c1fe557961aa4ebefd3f34f6a58,Success
compyle,https://github.com/pypr/compyle,f557e49c7e18a49efdb5807ac650ba590db81cb2,Success
config-better,https://github.com/kade-robertson/config-better,c14638da3fe95a669a04db2602e1f6ea15591c36,Success
configaro,https://github.com/mojochao/configaro,d7b432fb2f99c4cb3c3208082f0afff62454c83d,Success
confight,https://github.com/avature/confight,be2d162c99cc3c709289913de137f8d8bfbd35d5,Success
configparse,https://github.com/jyn514/configparse,d7a4ee5b121de2be1858104723bdb7ac47df64ce,Success
container-app-conf,https://github.com/markusressel/container-app-conf,02584f7f2ef2615fa7da8bd551aede88afb29919,Fail_to_Fetch_Tests
coo,https://github.com/wilfredinni/coo,da9e75d46ed65599cd2223b029ac30c08496a80b,Success
cornice.ext.swagger,https://github.com/Cornices/cornice.ext.swagger,17a63e86751c7d8f1b2b75d49056161c80f4cef2,Success
coworks,https://github.com/gdoumenc/coworks,c574654a1e3d1cd4ad56b6f5912631230c37fdf3,Fail_to_Fetch_Tests
crfmnes,https://github.com/nmasahiro/crfmnes,5fc9625c86135fb5e8824f867a08cc410d3638bd,Success
crom,https://github.com/thegetty/crom,98bb6be4e32b4c81eb7e0b5e841a915b015abaf0,Success
crossplane,https://github.com/caas-one/crossplane,d5b39fcae31cd0c26af5d425fa7cb591d1ee91ee,Success
cvbase,https://github.com/hellock/cvbase,e48d2f76aaeea6472b2175c37780f7b90ae7f1b6,Success
cw-sdk-python,https://github.com/cryptowatch/cw-sdk-python,92bd90db16dfc116c0708d19d27208d9bfc990c1,Success
cycle_calendar_generator,https://github.com/ROldford/cycle_calendar_generator,729194154cc540a1d21fa77a77dba3ff820d56be,Success
cytominer-database,https://github.com/cytomining/cytominer-database,3926b55627e76a319460d6ac3ff4bdf65e1f5f98,Success
dagger,https://github.com/east301/dagger,7435238cd3023103128c74a2e2efdfb7a2b6f95b,Fail_to_Fetch_Tests
dame,https://github.com/malpunek/dame,d6568d3088dd0a8b87eb5d278e04ab857a622418,Success
danlp,https://github.com/alexandrainst/danlp,0c7169e4c8b0595205fbb7bdf64ce4f2ca79edcc,Success
dar,https://github.com/alanbato/dar,15da1a444bb800b3d1e4571e2fd1609190b7dffb,Fail_to_Fetch_Tests
data-pypes,https://github.com/isnok/data-pypes,dcfe6feac2b617f9f8624cff81c44f72c0313ee6,Success
datapungibea,https://github.com/jjotterson/datapungibea,fe3b262b7e2ceffd12621693c94af9b6cc43e408,Success
daymetpy,https://github.com/khufkens/daymetpy,539f8d47315f0f68f86875d7805541dadcb76604,Success
dcard-spider,https://github.com/leVirve/dcard-spider,ac64cbcfe7ef6be7e554cef422b1a8a6bb968d46,Success
debinterface,https://github.com/nMustaki/debinterface,abd30a55dcbadc30fd66143adc196034b663054f,Success
dedoop,https://github.com/edsu/dedoop,37b29dade43afb1a52e3424b6a0a98a7018c8283,Success
deezload,https://github.com/vanyakosmos/deezload,8a25f4657d648a3c70b6287a9828cec724c8fa0e,Success
devtracker,https://github.com/ConSou/devtracker,ea892d6d48aa5d4627b429469b59ae3f0ce7f10f,Success
dhis2.py,https://github.com/davidhuser/dhis2.py,1534d5e44e2ee0c2e835ca4d43c3a32e50d43b2e,Fail_to_Fetch_Tests
dicom-standard,https://github.com/innolitics/dicom-standard,4d40ca75e3af51dd8fc2b027a7f79b6a2f4193cb,Success
dict,https://github.com/wufeifei/dict,89e730dbc035da6b5ceb598833d2eafc5343864d,Success
django-beam,https://github.com/django-beam/django-beam,43b2111f5c65937aa1e2cc9704b59796e982a805,Success
django-fiction-outlines,https://github.com/maceoutliner/django-fiction-outlines,a802f0884fd9ab6dcc6660ee684ee80fd53ec0ba,Fail_to_Fetch_Tests
django-health-check,https://github.com/KristianOellegaard/django-health-check,73e89fc3325a242eea6765e83b6bf568f72b8573,Fail_to_Fetch_Tests
django-hug,https://github.com/jounderwood/django-hug,778b16f568ce9fdb01f360b7bff89c9d8b6c2ef7,Success
django-idempotency-key,https://github.com/yoyowallet/django-idempotency-key,427e15fd8d42191131019209ec5e22197b2e7aac,Fail_to_Fetch_Tests
django-registration,https://github.com/macropin/django-registration,b66ddb4b0044c5a0f24b6a23d5387f68b6d7e577,Success
django-rest-framework-passwordless,https://github.com/aaronn/django-rest-framework-passwordless,7fe00dfbef8d163078160c7f317b26ed630fc8cc,Fail_to_Fetch_Tests
docker-pretty-ps,https://github.com/politeauthority/docker-pretty-ps,2fcc9db4e391df2b96ccc2e967b41b6263fdcc2d,Success
dockerpy-creds,https://github.com/shin-/dockerpy-creds,9c0b66d2e445a838e1518f2c3273df7ddc7ec0d4,Success
docopt-ng,https://github.com/bazaar-projects/docopt-ng,bbed40a2335686d2e14ac0e6c3188374dc4784da,Fail_to_Fetch_Tests
domain2idna,https://github.com/PyFunceble/domain2idna,39a1c4e1ebb877ed511e53b618fbe437a685c970,Success
dotty_dict,https://github.com/pawelzny/dotty_dict,b23b8a4e4d8af77a2cba99752eed776058ec08dd,Success
draft,https://github.com/edelgm6/draft,bdd813dfeb914b91c857f8a6675c86c7972555b3,Success
dtool-http,https://github.com/jic-dtool/dtool-http,04a13ccb3f252873228ac0d2d4df53c791157217,Fail_to_Fetch_Tests
dunamai,https://github.com/mtkennerly/dunamai,0f35675e96835726d8e9dbd3901d9f7b029154d3,Success
dynamic-conf,https://github.com/jnoortheen/dynamic-conf,42257f06a66765ac4f5de1c6a4637f4db779c5ab,Success
dynastes,https://github.com/dynastes-team/dynastes,931b6d9ac83862eb39c2f5144c95b952e9efcd8e,Fail_to_Fetch_Tests
dzonegit,https://github.com/oskar456/dzonegit,8f952086aa41aee4ebb7432926ed8c6a9211ac9f,Success
easy_python_requirements,https://github.com/tjdevries/easy_python_requirements,2bf905f34065637cbc781d17d8e5806892fb66d5,Success
easyagents,https://github.com/christianhidber/easyagents,d6639e82566c0f8bea6ca714d12643143f919788,Fail_to_Fetch_Tests
easypy,https://github.com/weka-io/easypy,9501c3ee03dcb1630e58cbb73b1647056907bcea,Success
ebaipy,https://github.com/brucehe3/ebaipy,2fc6740ee5355948ca2e7f2874ee5edb9acbd578,Success
HARK,https://github.com/econ-ark/HARK,c9138af45fd0a0d97c718c8558f3ea8d9f2ae820,Success
ecs-crd-cli,https://github.com/AdventielFr/ecs-crd-cli.git,7b296c64086a204d3540da272e3d8dd74721c6c4,Success
edk2-pytool-library,https://github.com/tianocore/edk2-pytool-library,ab6bac82f297b4e8fe0a0d4dcde4711b3cb1bc88,Success
elemental,https://github.com/cbsinteractive/elemental.git,ca570c9f5fc43e20a4db23fc0137380f87be63f0,Success
elife-tools,https://github.com/elifesciences/elife-tools,a5b93afbe4db7852bf1aa12265090d60140fca8e,Success
empyricalRMT,https://github.com/stfxecutables/empyricalRMT,942060955f2e4c8e464d9fda20a4e1951a63fe9b,Fail_to_Fetch_Tests
engfmt,https://github.com/kenkundert/engfmt,b908ef69aa7941e561019e24f969703f3234753b,Success
enpyronments,https://github.com/stephen1000/enpyronments,0848c55a2a1b132b3beba94265c103ba49385c8f,Success
envdir,https://github.com/jezdez/envdir,0db9594a66b58aad7731edc5b20e9436bfe2f971,Success
envyaml,https://github.com/thesimj/envyaml,79a220cabb69d71397310d941de205610cf5e4cb,Success
epathermostat,https://github.com/EPAENERGYSTAR/epathermostat,ff32be0c1e751806f644ce8ff31fcbac05ccfde8,Fail_to_Fetch_Tests
epic-lib,https://github.com/epic-kitchens/epic-lib,7f2499aff5fdb62a66e6da92322e5c060ea4a414,Fail_to_Fetch_Tests
eppy,https://github.com/santoshphilip/eppy,98e58583dce6c0fcec9c7b1ff1142bae0a67ddc7,Success
epsagon-python,https://github.com/epsagon/epsagon-python,b985d8412848f9a0c98e2f15ae0967a6dba3517f,Success
esy,https://github.com/kriberg/esy.git,6b0cc47402772c68c41efe3e8a56b2aaa0e27228,Fail_to_Fetch_Tests
etaprogress,https://github.com/Robpol86/etaprogress,224e8a248c2bf820bad218763281914ad3983fff,Success
etlstat,https://github.com/icane/etlstat.git,97afa7ad814b13d792a2aa33d741af6eb656b926,Fail_to_Fetch_Tests
exceltojson,https://github.com/malongge/exceltojson,6724c7de5153a7b125011e879419273589206d0d,Success
exonum-launcher,https://github.com/exonum/exonum-launcher,d42f79046f815514b284fe242a8c5abccaf9f805,Fail_to_Fetch_Tests
exonum-python-client,https://github.com/exonum/exonum-python-client,5e7ff330440cd2fe2c5b707a0cff46048b311ea2,Fail_to_Fetch_Tests
expstock,https://github.com/chie8842/expstock,28b7ece83fa601efd2b6c4b8b7bdd1a3b9ebc1df,Success
ext_pylib,https://github.com/hbradleyiii/ext_pylib,15a9b5a80db87b5f20e03ef6bfa015acf4bf8543,Success
eyeflask,https://github.com/n8henrie/eyeflask,0fc6b042aac6e30885ecb2d6817fb67fad6e07d4,Success
fairsearchdeltr-python,https://github.com/fair-search/fairsearchdeltr-python,5bc2e8f0bf24ecd492978474919f512d3c0b65e1,Success
fanstatic-tools,https://github.com/MiCHiLU/fanstatic-tools,c075a2195c8138d103b72ef8445ef08f2a865984,Success
fastapi-sqlalchemy,https://github.com/mfreeborn/fastapi-sqlalchemy,8ddf0edab22873365441757107ce21234bc09f8f,Success
fat-py,https://github.com/samuelvanderwaal/fat-py,c7cd5f626d53d97fc777810fdde396521d649c3f,Fail_to_Fetch_Tests
feature_engine,https://github.com/solegalli/feature_engine,ba4d7050b3923d620c1773b66cd4c51ed24498dd,Success
featureflagclient-python,https://github.com/tmaslen/featureflagclient-python,05cd5705d3d51488da9ce5a4d1ade65d8fd49e82,Success
fileguard,https://github.com/iluxonchik/fileguard,73854b783faadb8e5370c407b897049131a42e50,Success
filestack-python,https://github.com/filestack/filestack-python,1bd6749735e5c78dde767e0685ddfdf0cd7423e2,Success
findatabroker,https://github.com/tomerten/findatabroker,204c433d51e2d2de5c132a4607cd504809fd4a71,Success
firestore,https://github.com/workenvoy/firestore,4933f1a9f307539a8cef4ea80869c8821a92bc8d,Success
Fireworks,https://github.com/kellylab/Fireworks,ff027cd8d1b8ce5eec6a37d786e7de675d8c0849,Fail_to_Fetch_Tests
fish_base,https://github.com/chinapnr/fish_base,1615ccff9106bf42fc6ae862cd13353c12c1b76d,Success
fishbase,https://github.com/chinapnr/fishbase,1615ccff9106bf42fc6ae862cd13353c12c1b76d,Success
fissa,https://github.com/rochefort-lab/fissa,2077a8c8a029948dcf1d4c352f785700f42aff9f,Success
fitsmap,https://github.com/ryanhausen/fitsmap,7d797e6c611cfb6af10ff2a0d09b04c35d72673e,Fail_to_Fetch_Tests
flair,https://github.com/zalandoresearch/flair,c37aa7874c9e99692a9ee7a22a8f8fa060a03819,Fail_to_Fetch_Tests
flare,https://github.com/mir-group/flare,29c3efa9364fdd16d5598e217f146dd69091e9f9,Fail_to_Fetch_Tests
flask-apify,https://github.com/vitalk/flask-apify,f486d2616575be0e460ccf354d22badb7d68b387,Success
flask-ipban,https://github.com/Martlark/flask-ipban,882a25495be55609e5d9a058b8139b78836d64d4,Success
flask-request-logger,https://github.com/BbsonLin/flask-request-logger,26b87d56cf1dffb3f8d6a2ca8c2b1873b9d6a65e,Success
flask-rest-jsonapi,https://github.com/miLibris/flask-rest-jsonapi,b44bc08b11213d49fadae873650d3555889052ec,Success
flask-smorest,https://github.com/marshmallow-code/flask-smorest,02e9e84def5ace80522c76b830fbef9930a28771,Success
flask-sqlalchemy-booster,https://github.com/SuryaSankar/flask-sqlalchemy-booster,e43980e29a18e725d791b87ce1b677470bbaf22c,Success
flask-unchained,https://github.com/briancappello/flask-unchained,9004dc99db14813e20bea8c4023a45aa3a120965,Success
flask_datepicker,https://github.com/mrf345/flask_datepicker,2dd57635413bddf73a0e064cd5b2f3a743b56f99,Success
fmi,https://github.com/kipe/fmi,c567622ad29a14a03645b8bc8c7565f315b53480,Success
fooof,https://github.com/voytekresearch/fooof,7a520c4f8ac3a44f4f18dc025b5e5d40049c9f2b,Success
fparser,https://github.com/stfc/fparser,4be91d2e1078fa5588e84a3299131f297afba675,Success
freesia,https://github.com/AuraiProject/freesia,16834c17725edac74eb50fc5ce2ff1db6f3f4840,Success
freezegun,https://github.com/spulec/freezegun,b46da782a7a051081fd51577749cfc0074db0cc6,Success
fuelwatcher,https://github.com/danielmichaels/fuelwatcher,1d2aa12016c227edfd47f3e2ca3e72db32000de6,Success
gabbi,https://github.com/cdent/gabbi,8aa4e70a000882e6a177bf9ebaa9a8dbc3ca4413,Success
gamry-parser,https://github.com/bcliang/gamry-parser,0e1f81fb8fd3e433e0df945a85b133ed70a416e4,Success
gaplint,https://github.com/james-d-mitchell/gaplint,64fa97fef3a726ba07c99bc17706500c02564f0b,Fail_to_Fetch_Tests
gdax-Python,https://github.com/danpaquin/gdax-Python,19cac25c51e592994cfa86ec487eef6a5c76718f,Fail_to_Fetch_Tests
geom,https://github.com/josiest/geom,d12b381706ee620cba1c6a6cb45ab7815e5a1dc9,Success
ghost,https://github.com/nir0s/ghost,77da967a4577ca4cf100cfe34e87b39ad88bf21c,Success
git-profiles,https://github.com/popadi/git-profiles,ca20173f63f57c21868c4c49c1e5c515d4bc87fd,Success
github-release,https://github.com/j0057/github-release,067d7f1f557e16c4db57696d30732d566e314a45,Success
gitlab_stats,https://github.com/Sylhare/gitlab_stats,23fbc53f30e09c122ebe8259ef6850756e454d7e,Success
googkit,https://github.com/googkit/googkit,cacb37bf65e5ac19379b329beb02af907240aa60,Success
gplaycli,https://github.com/matlink/gplaycli,b161dbffa64ddc7081ca7c880ce27f84c2f0a0d8,Success
gpx2spatialite,https://github.com/ptrv/gpx2spatialite,ea9224cbc32c49409371ff64884c3741353e548d,Fail_to_Fetch_Tests
grabbit,https://github.com/grabbles/grabbit,83ff93df36019eaaee9d4e31f816a518e46cae07,Success
gramhopper,https://github.com/OrBin/gramhopper,9396533d10bb469c77985ad931033f400479809b,Success
graphene_sa_optimizer,https://github.com/colanconnon/graphene_sa_optimizer,755895dcb13de649012096e97a7c9e2f8494e91d,Fail_to_Fetch_Tests
greensim,https://github.com/ElementAI/greensim,f160e8b57d69f6ef469f2e991cc07b7721e08a91,Success
gtsrvd,https://github.com/narfman0/gtsrvd,af78aa061c910658dfbc89d24171dff334b087f9,Success
gwopensci,https://github.com/duncanmmacleod/gwopensci,06b56ce506fda3af4857c8a1aae7bb60fb1925e9,Success
gwosc,https://github.com/gwpy/gwosc,06b56ce506fda3af4857c8a1aae7bb60fb1925e9,Success
h5nav,https://github.com/clapeyre/h5nav,595040c2f9b65196ceaf18d1c2c58d848466a22c,Success
hack-requests,https://github.com/boy-hack/hack-requests,f78ebc36edb08308222b00239850cefe87c77fb6,Success
harmonica,https://github.com/fatiando/harmonica,2980071fce37948f2d13d8b7120c96ed18923410,Fail_to_Fetch_Tests
hebcal,https://github.com/TheBestMoshe/hebcal,7d77d2137684342b91fa7402cc357316f23dcfa1,Fail_to_Fetch_Tests
hirefire,https://github.com/ryanhiebert/hirefire,cf8686d127cc914cea350350b5bfe8acfa4163ce,Success
hmmpy,https://github.com/klaapbakken/hmmpy,b5d95e72d0cce150db265e94cf623d1d57148607,Success
Hockey-Scraper,https://github.com/HarryShomer/Hockey-Scraper,a829e0a0fe4bf548109863031ea9987abc0219a0,Success
hotwing-core,https://github.com/jasonhamilton/hotwing-core,f4d864b1618e928bd981540b2a446bdb74023ca6,Success
hpdr,https://github.com/laboo/hpdr,6760ceb1f4a6078f70e86e54bb2ee4e269915f9c,Success
python-httpproblem,https://github.com/cbornet/python-httpproblem,0b08139277e9cba02339eeb0996c0910d047274a,Success
hypothesis_sqlalchemy,https://github.com/lycantropos/hypothesis_sqlalchemy,6c68a065802d5efdfa3d805d9e4a79199ab46ea3,Success
iatikit,https://github.com/codeforIATI/iatikit,22193fd7aa76b9cc9de4ff853a981cb50e508049,Fail_to_Fetch_Tests
icloud_photos_downloader,https://github.com/ndbroadbent/icloud_photos_downloader,e5f304941e2a74b1fbda06c4270ec2fc100e6a49,Success
identixone-python,https://github.com/identixone/identixone-python,232e5dfcf98ebe91a3ed433a265be161ee965a5e,Success
iex-api-python,https://github.com/danielecook/iex-api-python,144fcd7b1719b8607acb1e535e51ea1867c05263,Fail_to_Fetch_Tests
iexfinance,https://github.com/addisonlynch/iexfinance,e502c671643a10121dd423c5665adc56b982199b,Success
impedance.py,https://github.com/ECSHackWeek/impedance.py,d1019c161be9e967ae227117b72acae4351e198f,Success
importmagic,https://github.com/alecthomas/importmagic,c00f2b282d933e0a9780146a20792f9e31fc8e6f,Success
instabot,https://github.com/instagrambot/instabot,d68b55015322898c3842c92dcc5989581043252e,Success
instabrade,https://github.com/levi-rs/instabrade,73d027ce2e3b0141c7f1c83567151b5638905355,Success
intake-cesm,https://github.com/NCAR/intake-cesm,00fe97676b165bf41fb985a5e03b07a4a9772b71,Success
intake-esm,https://github.com/NCAR/intake-esm,00fe97676b165bf41fb985a5e03b07a4a9772b71,Success
irritable,https://github.com/timb07/irritable,6d250dd716890b7b78b2b42e2f04be3058b09856,Success
isle,https://github.com/dmkskn/isle,81397e6e8c75543f9fd2efd2c34928077542da2a,Success
iso,https://github.com/bprinty/iso.git,1b62a0e65e0d273440c4461f26c9bd8911069e31,Fail_to_Fetch_Tests
jackfruit,https://github.com/zzzzlzzzz/jackfruit,350a41aa28e2bdc9367f9dd5e686b21125828589,Success
jake,https://github.com/sonatype-nexus-community/jake,a1dd3401c8f3faac41dad8a836c2b3d9e7f4098d,Success
jgutils,https://github.com/jerodg/jgutils,6c8ed6aca37d509af8ce1b57635fad62f1c846b4,Success
jivago,https://github.com/keotl/jivago,52761e0822bb5ef8dd081d3f45c53d05738dbd5f,Success
json-storage-manager,https://github.com/hefnawi/json-storage-manager,c7521fc4a576cf23a8c2454106bed6fb8c951b8d,Success
jupytemplate,https://github.com/donlelef/jupytemplate,4e894f3b5ed8cdb00c181581840a12b002886677,Success
jupyter-sigplot,https://github.com/LGSInnovations/jupyter-sigplot,498cda8f3648282cba84745d97e8973d2a02ed89,Success
kafka-utils,https://github.com/Yelp/kafka-utils,bde091515d1dcdd56b9272a3ab01b54742a60253,Fail_to_Fetch_Tests
kafkian,https://github.com/saabeilin/kafkian,79eb88b874876632590fea48afcab09592c717dd,Success
kanren,https://github.com/pythological/kanren,bacc7eb5895c348e348c1b5291ddf188f88c5c88,Success
keepassxc-pwned,https://github.com/seanbreckenridge/keepassxc-pwned,aead83c1749b62006a28526905d8fee5cd2ae902,Success
keras-layer-normalization,https://github.com/CyberZHG/keras-layer-normalization,12262dc34333f27b6b809a643b1906c9ed2d5cd9,Fail_to_Fetch_Tests
keras-trans-mask,https://github.com/CyberZHG/keras-trans-mask,7d5420b2ac15ffba73ab4add7a17f1eb635a473c,Fail_to_Fetch_Tests
keras-transformer,https://github.com/CyberZHG/keras-transformer,d84a50fd1986a7b343d2db024b60bfe5f3dc276b,Fail_to_Fetch_Tests
kevinarpe-rambutan3,https://github.com/kevinarpe/kevinarpe-rambutan3,5d7469912b559338dc15f5c7fb2abc91103ea0c5,Success
kitsune,https://github.com/aluttik/kitsune,43824cccf46f433a71b30a7febc0e3500b831067,Success
knack,https://github.com/microsoft/knack,dc7b7d857ce3c11b2a3155b81f2470b3b579e7c9,Success
knit,https://github.com/dask/knit,934aee7012967453b7343f6e01f16b26aece2aaf,Success
kool,https://github.com/edasi/kool,efe847a05c1a07af5eddeeeb700fdefcb6c9ced9,Fail_to_Fetch_Tests
krllint,https://github.com/d4nuu8/krllint,2f9376cdae14c201364d9c31b4c19a8ff2f708d2,Success
l293d,https://github.com/jamesevickery/l293d,c026a9b58769f23d3e999234ba9df30fb021f949,Success
laminar,https://github.com/dgellerup/laminar,74258f6e6cc8b3b4e9eaf7cc522192a353a3b45e,Success
layeredconfig,https://github.com/staffanm/layeredconfig,c0eae96da7848ea52b43ac947f284eb2324d9ce1,Success
lazy_import,https://github.com/mnmelo/lazy_import,29c74c83e90adff62d363220fee8cf7d6f0dd3c9,Success
lazypr,https://github.com/sanjaz/lazypr,226895868769f613d9e905f265a4fd7c421d2fd4,Success
lcc-server,https://github.com/waqasbhatti/lcc-server,b8256bf28aee42e628abe27f0203d6f5361fb84b,Success
li,https://github.com/goldsborough/li,8ea4f8b55183aadaa96bc70cfcfcb7b198874319,Fail_to_Fetch_Tests
lib-cove,https://github.com/OpenDataServices/lib-cove,74ba874ec6882969894797ee0dbc5c70a16019e5,Success
libearth,https://github.com/earthreader/libearth,71d2f3246eb0b6a3668a64e2242616d20b1d7dcd,Success
licenraptor,https://github.com/starofrainnight/licenraptor,ed543a2b43b75d733579509a78161928ac29234c,Success
limitediterables,https://github.com/Poogles/limitediterables,3ce3bc28d5c4092db3d5499ad60339c007f4c0e0,Success
lineflow,https://github.com/yasufumy/lineflow,677ed8ba2374f084d58864c2027a7d0245e8f198,Fail_to_Fetch_Tests
linux_aio,https://github.com/isac322/linux_aio,007d033b42703e9bb4d7cd99ca50e54108215d46,Success
litedb,https://github.com/JonathanVusich/litedb,2694bc39676d8398f669c0aed96aef89623dbc9a,Success
lithoxyl,https://github.com/mahmoud/lithoxyl,9961553a065a1ad8bb7a2407fe74f2cfd6c79a20,Success
livebridge,https://github.com/dpa-newslab/livebridge,d930e887faa2f882d15b574f0f1fe4a580d7c5fa,Fail_to_Fetch_Tests
ljson,https://github.com/daknuett/ljson,1d3dc13001d9d2f61bcfbf9d5c5b16d44fb8076e,Success
logparser,https://github.com/my8100/logparser,ed7948b271884af68eb3bb13fa9ee51a4892552c,Success
logstash_logger,https://github.com/rcourivaud/logstash_logger,135f9b314428717909f4cda17298db7100b1e7d3,Fail_to_Fetch_Tests
logx,https://github.com/djrobstep/logx,c53fabbc160fb8d70fa878684ea36f0c22fd5caa,Success
logzero,https://github.com/metachris/logzero,b5d49fc2b118c370994c4ae5360d7c246d43ddc8,Success
lol_api,https://github.com/gradam/lol_api,33ea96f5eeac581737949b733d8af1c4436e94b9,Success
m3u-dump,https://github.com/stateya/m3u-dump,1ec3eeedb4c650af76c6c66859375ca2d2a6e1bc,Success
mackinac,https://github.com/mmundy42/mackinac,eccd95394e48f508576af76e6863c9f51f75a5c9,Success
marlin,https://github.com/wilfredinni/marlin,85f4ae0080ee9a25c1b8d2e481725ac9c42ca99f,Success
mccabe,https://github.com/pycqa/mccabe,e92e9e79799c5796f76f3da821dbb5aa56e41028,Success
mdutils,https://github.com/didix21/mdutils,2ef859ecc1e4f1a3e24f4150c96f61180bc57ceb,Success
metcli,https://github.com/ozzywalsh/metcli,4658176034cea68955849bf488494c8ce3ffcbcd,Success
metron-tagger,https://github.com/bpepple/metron-tagger,2be176293218fa101dd84c95c72b8ae646b2731a,Fail_to_Fetch_Tests
metropolis,https://github.com/ashon/metropolis,2ef1b672bb22ffac2fe6d10d2b96393fc4f76729,Success
mgun,https://github.com/maximdanilchenko/mgun,11540dd661afd2e8a18dd74ca0a5b416f671a4a1,Success
mihifepe,https://github.com/Craven-Biostat-Lab/mihifepe,7f03e4413d1e42e9265d790cb64c41f34dbea5ab,Success
misu,https://github.com/cjrh/misu,157ad7ce14969ef8b9796591989115ca9ffc09f0,Fail_to_Fetch_Tests
mlconjug,https://github.com/SekouD/mlconjug,840e990bd96b56785a68712e9729582ede168ec2,Fail_to_Fetch_Tests
mmpy_bot,https://github.com/attzonko/mmpy_bot,4faa19a9e04c75af94c45c24dbd0c9d9ecb867d4,Success
model-sdk,https://github.com/runwayml/model-sdk,3132b2ab424f1020e8d30e4897057103ab3e6623,Success
modularity-density,https://github.com/ckmanalytix/modularity-density,86c48ba0fc5604d3c4d6d114a3077de2447d0a99,Fail_to_Fetch_Tests
mountepy,https://github.com/butla/mountepy,796595f0011cc4a62cd7796dd71c3681008a4731,Success
moyasar-python,https://github.com/moyasar/moyasar-python,aa8716ae3f98f8782141abe6869dfbb90af98b62,Success
mpi4pyd,https://github.com/1313e/mpi4pyd,bd5fa6ae3daaa95a8bf508a77242c9376014bc73,Fail_to_Fetch_Tests
msticpy,https://github.com/microsoft/msticpy,e159059b7086d03289e2bc31a905014811c3095c,Fail_to_Fetch_Tests
multiindex,https://github.com/sushobhit27/multiindex,b631e60bd47558eca9067a0dc87f0e713cddc6f2,Success
music-dl,https://github.com/0xHJK/music-dl,883b643d62c63496572f5b883f76359324a5c853,Success
myr-base,https://github.com/Vnet-as/myr-base,56e347b4f4d70f53a6afe55e96c1f9e35f5454eb,Success
mythx-cli,https://github.com/dmuhs/mythx-cli,f6b3d20d51ca1cfaed3cd45226bd1074388d42b9,Success
named_enum,https://github.com/KnightConan/named_enum,81452ebe233b570b21786adcfb0b15d1aeeabc82,Success
napalm,https://github.com/napalm-automation/napalm,0e23a55f52221e528be66c1f06a141f937e842f7,Success
nats.py,https://github.com/nats-io/nats.py,b77bd2be28296fd4e1db9082f634bb80c7690b29,Fail_to_Fetch_Tests
neon,https://github.com/mrmechko/neon,42ad78e3d79583a93abce6d06b81dafc29017514,Success
netutils-linux,https://github.com/strizhechenko/netutils-linux,dfcb0900ffffa3020656338bbab123f6da00a168,Success
network_traffic_modeler_py3,https://github.com/tim-fiola/network_traffic_modeler_py3,b6ff85e94fc3ddcfafa8005650d6e579604fe739,Success
neurodsp,https://github.com/neurodsp-tools/neurodsp,19aa50c71deaa19e4ed85efa192afa8ab63d0bf1,Success
nlp-datasets,https://github.com/luozhouyang/nlp-datasets,471e2e3ad2a4b8c363c5a4080683bac5618c8c6a,Fail_to_Fetch_Tests
nnweaver,https://github.com/gvinciguerra/nnweaver,e7a94d743f6eb118592524e30f54cda22cdc5e81,Success
nodal,https://github.com/thimic/nodal,261eeefd50298765c5722c5f7da72e6f2927bd3e,Success
noipy,https://github.com/povieira/noipy,c35add5386b57547c5a72650145a267dc88fa77e,Success
norfs,https://github.com/Galbar/norfs,5cb9458d8eb5bf4af14603307946646350746a8f,Fail_to_Fetch_Tests
novelWriter,https://github.com/vkbo/novelWriter,559f2e53e410f9793ab08c2ef7ed308f75c92985,Fail_to_Fetch_Tests
nxviz,https://github.com/ericmjl/nxviz,d2a2a622e834148a9f4337dbe1021a05c5f18548,Success
observed,https://github.com/DanielSank/observed,d99fb99ff2a470a86efb2763685e8e2c021e799f,Success
ocopy,https://github.com/ottomatic-io/ocopy,d5e977b7ed8ef28f8ae03b59390a7e551524e88c,Fail_to_Fetch_Tests
odinweb,https://github.com/python-odin/odinweb,198424133584acc18cb41c8d18d91f803abc810f,Success
omf,https://github.com/gmggroup/omf,bf0cfaa4d05c438606d7b4561166bf12d2c1be74,Success
ontobio,https://github.com/biolink/ontobio,ade3d89729bce16e39073ede2c0f253f309dc299,Fail_to_Fetch_Tests
osc-tiny,https://github.com/crazyscientist/osc-tiny,88c33c2c7f73ea26067e1bb4190bab5dc298dd85,Success
pageobject,https://github.com/lukas-linhart/pageobject,6ae83680ae62a94f93cefc394e4f3cc6999aeead,Success
panamah-sdk-python,https://github.com/casamagalhaes/panamah-sdk-python,746f3fb7ebcf01810917bf9afa8e7ff5a4efad21,Success
parse_it,https://github.com/naorlivne/parse_it,886d7de0e74e67edc136411a5220e35c1149e743,Success
parso,https://github.com/davidhalter/parso,6ae0efa415c9790000dba70f87e6ece20d6a4101,Success
pdfebc,https://github.com/slarse/pdfebc,ddc7b88f2b7df0063345c3e8c940ac76832a4af8,Success
pdfebc-core,https://github.com/slarse/pdfebc-core,fc40857bc42365b7434714333e37d7a3487603a0,Success
pdir2,https://github.com/laike9m/pdir2,ef5e2200074d68e2ca3df4ee441a1b9ea6ca5abc,Success
pdl,https://github.com/zerotosingularity/pdl,fd39c391101b3fe315631565a0f4eb7c99890789,Success
peeweext,https://github.com/shanbay/peeweext,97a5123f4254fa6812d565fc564f2622977eb632,Fail_to_Fetch_Tests
pfla,https://github.com/maxrousseau/pfla,1518c40cc99008e66a74da69e9a87a307591e2ad,Fail_to_Fetch_Tests
phonon-enumeration,https://github.com/wsmorgan/phonon-enumeration,5d7a8d8e3403cc387bdd58cf98a23e4751ea34dd,Success
pidom,https://github.com/Oprax/pidom,b92741ee3c3e16cbaa2a2fa69ca1a103cfa52463,Success
pif,https://github.com/barseghyanartur/pif,6c21477af3e0ce39b5ddb41459d72f80e8d76fb4,Fail_to_Fetch_Tests
pika,https://github.com/pika/pika,a3ae3e5aae3fd546e9ae73bff0175f5d61a9d39a,Success
pingouin,https://github.com/raphaelvallat/pingouin,08560bb978949e97653b203f7374e90b022b88fb,Success
pint,https://github.com/hgrecco/pint,3d99581a808f8c0b5445bb43820a2b82815425d1,Fail_to_Fetch_Tests
pip-validate,https://github.com/ohjeah/pip-validate,9651b4dd6a252650c3a707218054b1baadc8b944,Success
pipm,https://github.com/jnoortheen/pipm,a9e0f89e80addea18fd3efdc7b4f6eabd6b6988a,Fail_to_Fetch_Tests
piripherals,https://github.com/quantenschaum/piripherals,74e4807a64363e3c95a03222fa250a1073387eaf,Success
plai,https://github.com/matheusbsilva/plai,1d3bfb0438bb6bd2f8d8e42f17207f9449319763,Success
plcx,https://github.com/Cognexa/plcx,2756c0ba78c4c9e572d95ba002708957bc55d4fa,Success
ploceidae,https://github.com/MATTHEWFRAZER/ploceidae,dad989756318127dc70d05b4ccdd1a3d8142dab1,Fail_to_Fetch_Tests
poio-lib,https://github.com/Poio-NLP/poio-lib,2af55c863593511dbcf4c611c9265072022d8cdb,Success
policyd-rate-limit,https://github.com/nitmir/policyd-rate-limit,79eb4e1760fb9c0ea6e205cb6a0953be8105e0d4,Success
policyuniverse,https://github.com/Netflix-Skunkworks/policyuniverse,b633e572ecdba45d70398ac034fb44e0e4e7dbf8,Success
poly_decomp.py,https://github.com/wsilva32/poly_decomp.py,cb1a47f218e076772b9df137c1928023882df5e5,Success
pook,https://github.com/h2non/pook,2071da27701c82ce02b015e01e2aa6fd203e7bb5,Success
powerbox,https://github.com/steven-murray/powerbox,315e30b40b22e050304ca3a6600b8a1f28301c0b,Success
predictit,https://github.com/Malachov/predictit,15ff850d544d8d456e0ac0842079131c0f3db26e,Fail_to_Fetch_Tests
prettyconf,https://github.com/osantana/prettyconf,017129f169204973d80a607f2c6684b18cc18954,Success
primrose,https://github.com/ww-tech/primrose,bd9bb8d5d5aaf31d473d01645a862ac9d5fc6f8e,Success
promise,https://github.com/syrusakbary/promise,4627315476f6b9fc82818327ae09b04f89f9bda7,Success
proxy.py,https://github.com/abhinavsingh/proxy.py,9b4263777bea7b3e00a1a3546511f2117f210a2b,Success
ptemcee,https://github.com/willvousden/ptemcee,a411be2e29e39585212c92acea1893f955aa9be8,Success
puppetboard,https://github.com/voxpupuli/puppetboard,974c51ad6c08d99662ba013789565f63cd431b03,Success
pure,https://github.com/edouard-lopez/pure,d5c633716ff4962a89ecda31a226a22a9649ba16,Fail_to_Fetch_Tests
putput,https://github.com/michaelperel/putput,96bde3c2219070bfed1ca76d47a4fe7cd0bc4b44,Fail_to_Fetch_Tests
py,https://github.com/rerobots/py,a0c46eda362355b8f7c84243724f48e916251319,Success
py-KISSmetrics,https://github.com/kissmetrics/py-KISSmetrics,11cfc589e623f0bab8bc450f6fd169715544e377,Success
py-vkontakte,https://github.com/sgaynetdinov/py-vkontakte,b03246b8d4b6f5ee5ab7e5c67e09e1f14b85fd9c,Success
py2jdbc,https://github.com/swstephe/py2jdbc,515d06a48e54ca9f690f94fd795e49ba7758fcd4,Fail_to_Fetch_Tests
pyMeterBus,https://github.com/ganehag/pyMeterBus,bc853aa38ac6b10301bdf97f13ac25b36985316f,Success
pyTrnsysType,https://github.com/samuelduchesne/pyTrnsysType,6cf552e4ccd66f7b728e84654e580befe2061114,Success
py_ev,https://github.com/JBielan/py_ev,0a2d48235b8ff2268254c151a179a2ece40cbd37,Success
pyais,https://github.com/M0r13n/pyais,d2ca5ff08c532fce5da1c9d268eb453924f12a33,Success
pyatlasclient,https://github.com/verdan/pyatlasclient,6c3ef3926eef059f00730b6bcc1a1787f6bbcd9c,Success
pyautoupdate,https://github.com/rlee287/pyautoupdate,8852b64178b65f9c28cac10d6d2ab23331e49437,Success
pybl3p,https://github.com/gijzelaerr/pybl3p,98c102c02cb93803ee47941a48a8aa8d62fa4d6c,Success
pybrake,https://github.com/airbrake/pybrake,9bf82941d8bf521055b258cea91596a11e4eb81f,Success
pybuildkite,https://github.com/pyasi/pybuildkite,5b9ffd36bbb7ad600eec2bc5b90a89b8b84814f9,Success
pyburstlib,https://github.com/beatsbears/pyburstlib,27722f7f3bb0bc5739110f6c99435d13fa54a1e0,Fail_to_Fetch_Tests
pyconll,https://github.com/pyconll/pyconll,06481595c7816608facab72b5e7087cc01cb7482,Success
pycronofy,https://github.com/cronofy/pycronofy,59765fe027778f18e05c09430ef2aff571b0eece,Fail_to_Fetch_Tests
pydash,https://github.com/dgilland/pydash,4bbadc967b51518e300a1368357bbe71959313ec,Success
pydbvolve,https://github.com/Teamworksapp/pydbvolve,e18bb8cf98997c52de0cf30a8e106c480ba0bb57,Success
pydeploy,https://github.com/yukinotenshi/pydeploy,e3ddf907b293c9da28503b3d72414a303c5dfbed,Success
pydicom,https://github.com/darcymason/pydicom,9561c5d40ec96076c974b5987767dc7b78c500a6,Success
pydiggy,https://github.com/ahopkins/pydiggy,29bd5694f2e4564118683f3ccc06c5f7128d3028,Fail_to_Fetch_Tests
pydngconverter,https://github.com/BradenM/pydngconverter,2cb8e3dcd962e3c4089001ab50c07f804aa7fa5a,Fail_to_Fetch_Tests
pydrobert-gpyopt,https://github.com/sdrobert/pydrobert-gpyopt,ce2699ca89687f848c2a86db44eed125d65886de,Success
pydu,https://github.com/Prodesire/pydu,4a1c2f15f7274d5079fb08b02ab1dbe08c0cefef,Success
pyeventdispatcher,https://github.com/whisller/pyeventdispatcher,5382e5e8578dea89a76481e15d410d516999055a,Success
pyfilm,https://github.com/ferdinandvwyk/pyfilm.git,20688f59536c713650516f09e1873fcb5b506a17,Success
pyflightdata,https://github.com/supercoderz/pyflightdata,ae59893f58f8bd1630c1c8f1ab9d388bbd72ee71,Success
pyfronius,https://github.com/nielstron/pyfronius,5aee17d94330547b6ff2a72df3daff380f8f831c,Success
python-fs,https://github.com/chaosmail/python-fs,2567922ced9387e327e65f3244caff3b7af35684,Success
pygsheets,https://github.com/nithinmurali/pygsheets,01b9548dd56b50fa93e4a92ab879b048ae282158,Success
pyjsg,https://github.com/hsolbrig/pyjsg,f999bdbff84f828da3704be2f0b00015bc345e36,Fail_to_Fetch_Tests
pykew,https://github.com/RBGKew/pykew,557c1852ad7a4366467e344e7a46b42549ce8694,Success
pykicad,https://github.com/dvc94ch/pykicad,cdebcaeb4ab6c8903ebecfd0748f826ea406923f,Success
pyliftover,https://github.com/konstantint/pyliftover,c95c70ab74686a6b5ac56e7601ccdbeab3178e52,Success
pylocus,https://github.com/LCAV/pylocus,78db89636cab345cab8d61adc3accd95899e2738,Success
pymdb,https://github.com/zembrodt/pymdb,bca5a414fdcdbbc1f86ed5b284945665c1edf43f,Success
pymedoo,https://github.com/pwwang/pymedoo,e4fa7572e3f1f0365cdc409042c27324105f9768,Success
pymerkle,https://github.com/FoteinosMerg/pymerkle,5318009e04b2ae44e194b8435ef181aa67ab8b9a,Success
pymq,https://github.com/thrau/pymq,101857bca2b705c328d3bda3b26797b51e8ffb70,Success
pynoorm,https://github.com/jpeyret/pynoorm,d6f7e0e102bb0eb4865beff75cf671b560ebc8b2,Success
pyoos,https://github.com/ioos/pyoos.git,908660385029ecd8eccda8ab3a6b20b47b915c77,Success
pyparam,https://github.com/pwwang/pyparam,837291606842b55dd3adfde552ddff2c5adce719,Success
pype,https://github.com/BastiTee/pype,b0dd086ed180e17b22c6e7b23a730af35ae0d0eb,Fail_to_Fetch_Tests
pypher,https://github.com/aboucaud/pypher,32f606ded9276ab28c86aefadd8b9261de10aebe,Fail_to_Fetch_Tests
pyps4-2ndscreen,https://github.com/ktnrg45/pyps4-2ndscreen,457dc9c3f04017569d52bae7390ea2fc54e96ce5,Fail_to_Fetch_Tests
pyps4-homeassistant,https://github.com/ktnrg45/pyps4-homeassistant,457dc9c3f04017569d52bae7390ea2fc54e96ce5,Fail_to_Fetch_Tests
pypyr-scheduler,https://github.com/pypyr-scheduler/pypyr-scheduler,511841de41eec03e847f8519f6192fc71d65dec3,Fail_to_Fetch_Tests
pyradigm,https://github.com/raamana/pyradigm,01d47cf34a9af4bb104e2891559059a522221b4d,Success
pyrieef,https://github.com/humans-to-robots-motion/pyrieef,73a82d3250db8b48a1602bd5422bb3902fc11e57,Fail_to_Fetch_Tests
pyserverpilot,https://github.com/opper/pyserverpilot,b6b896fea1155fa95febde84f74e0d2230523ab0,Success
pysllo,https://github.com/kivio/pysllo,8bc4d17f9a668e9aff3c77f688f0c06ed2e7686b,Success
pyswarms,https://github.com/ljvmiranda921/pyswarms,08756526f39699eef28e515cac2ead17cef55710,Success
pytenable,https://github.com/tenable/pytenable,79c769cf22799125c39fa9fb86c5ef333beb96b4,Success
pytest-django,https://github.com/pytest-dev/pytest-django,e613a885b019574e3c60f127539c878b187c914a,Success
pytest-level,https://github.com/encukou/pytest-level,6a15132419429c95d67b77e9f8892e0a864a364f,Success
pytest-subtests,https://github.com/pytest-dev/pytest-subtests,96fc692a151f0709bf8ee209f8ce5d37b035f076,Success
pytest_exact_fixtures,https://github.com/lrowe/pytest_exact_fixtures,b72bf9d7661c65e1535e5fbbddc343fd6120e15c,Success
python-ansel,https://github.com/haney/python-ansel,afb2b28d8595beeb1f87e355b611f01e13b8e664,Success
python-aws-dataclasses,https://github.com/hypoport/python-aws-dataclasses,30bfe90457a83957d10ec18fe7d61439b5b74280,Success
python-dugong,https://github.com/python-dugong/python-dugong,00dd4d5aab6eddb116cace2829a9f93bda153664,Success
python-jolokia,https://github.com/wbrefvem/python-jolokia,544f4b1fb18f2e476da95edd9dc02ef75858b6cb,Success
python-n26,https://github.com/femueller/python-n26,22cb609efbf5125e36879441ea20d5a1c2a51e98,Success
python-openflow,https://github.com/kytos/python-openflow,a3387a7b28d529a3605aa1506a028e03394e4526,Success
python-protobix,https://github.com/jbfavre/python-protobix,96b7095a9c2485c9e1bdba098b7d82b93f91acb1,Success
python-resource-container,https://github.com/unfoldingWord-dev/python-resource-container,64d87f900af969f47b20b798cf00c2861435b0d8,Success
python-sc2,https://github.com/Burnysc2/python-sc2,78d2ebe5c87aa9abc1e8a505f095ccd5e9dec358,Fail_to_Fetch_Tests
python-telegram-handler,https://github.com/sashgorokhov/python-telegram-handler,4ac0e5cbb6ac3c3f81a57be6b3cea49dfd8e8ec4,Success
python-tokenex,https://github.com/tablethotels/python-tokenex,a6c1022125e8a23bfdbebccff8a762fb664a1a6c,Fail_to_Fetch_Tests
python-ubersmith,https://github.com/jasonkeene/python-ubersmith,0c594e2eb41066d1fe7860e3a6f04b14c14f6e6a,Success
python-varname,https://github.com/pwwang/python-varname,529a90b6e8bc090117ba617424abb9e1a2d0c002,Success
python-xrpc,https://github.com/andreycizov/python-xrpc,ed403ae74d5e89e0ebac68bcc58591d6b32742ff,Success
python_dynamodb_lock,https://github.com/mohankishore/python_dynamodb_lock,be57d31492893ceb773e46892eaeb04858e287f3,Success
python_filmaffinity,https://github.com/sergiormb/python_filmaffinity,b8042de57e95f38a1c767a84ba77cc74f70a1e2c,Fail_to_Fetch_Tests
pythondi,https://github.com/teamhide/pythondi,913e6a60fc5d02c3db385ad322f970ecec36969b,Success
pytidy,https://github.com/taxpon/pytidy,0a0a54b80b53dadd8ecc8ff2db42444741b75865,Success
pytm,https://github.com/izar/pytm,724df0c6346706e9c3678bee11e23d9609d8fa4c,Success
pyversion,https://github.com/lingster/pyversion,077ec6aaf46fa52ab6915dc6c109e3812849e22c,Fail_to_Fetch_Tests
pyversion3,https://github.com/lingster/pyversion3,077ec6aaf46fa52ab6915dc6c109e3812849e22c,Fail_to_Fetch_Tests
pyvesync,https://github.com/markperdue/pyvesync,4a43bad8a7b9d3b2e7f580f1f3739f27a00bdc2b,Success
pyvesync_v2,https://github.com/webdjoe/pyvesync_v2,a5677b0599912fbc6dcc6604b0342e1edec92de1,Success
pywsl,https://github.com/t-sakai-kure/pywsl,79a5bf104a53cb6d3498918e435bd88ac5331543,Fail_to_Fetch_Tests
qer,https://github.com/sputt/qer,c77e6777967ee660447beb9522c867a7233ef78d,Success
qgrid,https://github.com/quantopian/qgrid,877b420d3bd83297bbcc97202b914001a85afff2,Success
qlmetrics,https://github.com/QsonLabs/qlmetrics,3a4cc70bb68ef9b476aaee562b82a4d54acfd826,Success
quickviz,https://github.com/chmduquesne/quickviz,e7c87a7ae12465db71fb9dcc1ff52a6b6bb07ec4,Fail_to_Fetch_Tests
rarfile,https://github.com/markokr/rarfile,65810aceeb872ed61ec14cb615ed12feefbbb89e,Success
rdftools,https://github.com/johnstonskj/rdftools,fa71b69b1604128349d879a51a44789919c3bd53,Success
redisqueue,https://github.com/DevKeh/redisqueue,feac4dfc30837e0ab1a55a8479443ea74b2793f2,Success
reframe,https://github.com/eth-cscs/reframe,576eb3f1dcc015d1e6d7a10602c748d4f810da68,Success
regex4ocr,https://github.com/juntossomosmais/regex4ocr,9f96e9c6fe6ffc3e1452b23103fdfa6a0f1dcede,Success
region_cache,https://github.com/Teamworksapp/region_cache,8b2ae3ce4bb348c23a84d5fec546609e80579b94,Success
relic,https://github.com/spacetelescope/relic,d5fc7bf6dbe01eb89de3ff5c2f6cfec2b4a6047d,Success
req-compile,https://github.com/sputt/req-compile,c77e6777967ee660447beb9522c867a7233ef78d,Success
revfyawo-mongo,https://github.com/revfyawo/revfyawo-mongo,8682ccc2ef1a03a07dc0aef45b2230207f31eac6,Fail_to_Fetch_Tests
riemann,https://github.com/summa-tx/riemann,0fda32e783487572c869aaabc6af7adba01cbd00,Success
rockhound,https://github.com/fatiando/rockhound,c4d84b2628c4b0dd666ceb1b334647489fe85f17,Success
rosey,https://github.com/arose13/rosey,c35398b4ad4f334f4b40a075d18b33a262ce1d7d,Fail_to_Fetch_Tests
rtv-downloader,https://github.com/radzak/rtv-downloader,b9114b7f4c35fabe6ec9ad1764a65858667a866e,Fail_to_Fetch_Tests
ruTS,https://github.com/SergeyShk/ruTS,af02f627d9022f0f4825d9bed4ffc97d3d329f2d,Success
runium,https://github.com/AGTGreg/runium,ba89015859976d3426d25a53af5fa4d8827c7483,Success
rxpy-backpressure,https://github.com/daliclass/rxpy-backpressure,b1a7bddfb370884135d6f2e7d9a3dd332a90d7cc,Success
saga,https://github.com/saga-vcs/saga,7beaae8831696ce813aa85620387e416719198db,Success
samwise,https://github.com/Cloudzero/samwise,3aa79ba20f3a151be3fd691bd5f6f5f250d16334,Success
sandman,https://github.com/jeffknupp/sandman,253ea4d15cbccd9f0016d66fedd7478614cc0b2f,Fail_to_Fetch_Tests
sanic-envconfig,https://github.com/jamesstidard/sanic-envconfig,c68e09def2ce04c7ab91e443680ff64dc2ef61e1,Success
schemaindex,https://github.com/qiyangduan/schemaindex,83bfb96c78d194370b068e11f89a9e4d6af48a46,Success
schemas,https://github.com/CIMAC-CIDC/schemas,c2b011f49361e01a2816076b9436ae46d71ba0db,Fail_to_Fetch_Tests
schematics_to_swagger,https://github.com/Alexei-Kornienko/schematics_to_swagger,d9c1c9e43a25c5a4ff60701b3bf22fc039c815c2,Success
scikit-fem,https://github.com/kinnala/scikit-fem,4aa87e15fd05dfbbad2367ef2303f398d5afddcc,Success
scikit-hep,https://github.com/scikit-hep/scikit-hep,e78234da9e754e380a7d871afb56b20baa73b99b,Success
scrapbook,https://github.com/nteract/scrapbook,f681427fcc721e303e3d21fb3974b3bfa43d5445,Fail_to_Fetch_Tests
scrapyrt,https://github.com/scrapinghub/scrapyrt,f8ee7b79fcfeaf4da83d831147d3ae28d8cf5f90,Fail_to_Fetch_Tests
scsm,https://github.com/bubylou/scsm,a67059c398b40e31296faea25ae20d3dc78070bd,Success
sdklib,https://github.com/ivanprjcts/sdklib,5384b1c7f05abd6350151c08ad6a4a8b5855f8f0,Success
securenative-python,https://github.com/securenative/securenative-python,0eae99733b7565341487ad32f044be8dc51032cd,Success
selenium-wire,https://github.com/wkeeling/selenium-wire,f80339bc2da0485fbba4165375c009b90efdb3c2,Success
serpextract,https://github.com/Parsely/serpextract,aec8f2bd79c66953938569a24b05c693ab70b4ce,Success
sfpl-scraper,https://github.com/kajchang/sfpl-scraper,d97cc55f28fc75bf8de3fe5472ed0c2c55a09081,Success
sheetfu,https://github.com/socialpoint-labs/sheetfu,68015416ef34bd20553c7f667ece001a36371f7b,Fail_to_Fetch_Tests
sigpy,https://github.com/mikgroup/sigpy,3786765ad055dc246fba726306d6dd6a6984a458,Fail_to_Fetch_Tests
sister,https://github.com/sobamchan/sister,5850d8fbd1789df1c68634284fa51490a395b7b2,Fail_to_Fetch_Tests
six,https://github.com/benjaminp/six,c0be8815d13df45b6ae471c4c436cce8c192245d,Success
skelpy,https://github.com/june3474/skelpy,0e64eccdc5211dbec664e7d3f9d07c6020651b63,Success
skillful,https://github.com/bmweiner/skillful,8646f54faf62cb63f165f7699b8ace5b4a08233c,Success
snippy,https://github.com/heilaaks/snippy,904439ca1fc29edc06c48da66e7663e18e0aea99,Fail_to_Fetch_Tests
son,https://github.com/flokno/son,a860c049e276151c8fddf82fdbe833d4127ada0d,Success
spacedr,https://github.com/sttlr/spacedr,543f0d4dcdac4298a6c19145cd085322103c30d6,Fail_to_Fetch_Tests
sphinx-gallery,https://github.com/sphinx-gallery/sphinx-gallery,387900334ace5c0bf74e9e90aad1e8d2a54e6f17,Success
sporco,https://github.com/bwohlberg/sporco,efd9237ec0d254e2ff630ad0ac17eb8dc566c586,Success
sportsreference,https://github.com/roclark/sportsreference,0041953074d6c20f607049917f3b526c9af686a4,Success
spylon-kernel,https://github.com/maxpoint/spylon-kernel,2d0ddf2aca1b91738f938b72a500c20293e3156c,Success
sqlbucket,https://github.com/socialpoint-labs/sqlbucket,b5e8d2a05a02e891733fbb8c87bcdfd08195e82a,Fail_to_Fetch_Tests
sqlservice,https://github.com/dgilland/sqlservice,a1ccf84a6bf23653934911e3dd6be8219e8c734d,Fail_to_Fetch_Tests
sqs-polling,https://github.com/ohke/sqs-polling,34d1375cf73e05211c73cd43bdd120ce076181c8,Success
ssbio,https://github.com/SBRG/ssbio,08c1ce375a8ee6a4b77c5d2fdc93fcb5e5fe97c0,Fail_to_Fetch_Tests
stackify-api-python,https://github.com/stackify/stackify-api-python,c2625f558c41dc6c79474226b1ca7766b192dd66,Success
statsd-metrics,https://github.com/farzadghanei/statsd-metrics,153ff37b79777f208e49bb9d3fb737ba52b99f98,Success
stowage,https://github.com/michaelpb/stowage,7c619be755b9b73fd202367bcf9014472f318834,Success
skipper,https://github.com/Stratoscale/skipper,dde3194bf6cf227b30c6e54b18c37317d2e0647e,Success
subliminal,https://github.com/Diaoul/subliminal,a4113adb745dc5cd2da7254ee14802077237bb15,Fail_to_Fetch_Tests
supertunnel,https://github.com/alexrudy/supertunnel,4c64e2fedda3382b809a2c3d01c711ec4961f933,Success
swpy,https://github.com/peinan/swpy,262515d410bddaa3da72721ae2c11cfda1e2ee37,Success
sxdm,https://github.com/WilliamJudge94/sxdm,01414186626e1f22d51a7d25fe73f64680cb796e,Fail_to_Fetch_Tests
symphony,https://github.com/SurrealAI/symphony,747b87eee20d48032b4a554950687d0b1209fd24,Success
tamarco,https://github.com/System73/tamarco,c85bec267d39057a4cd5f1c9854d5e2840cebb1e,Fail_to_Fetch_Tests
tangle,https://github.com/fifman/tangle,a36cff74d7f09bf8f24a91929b844ea1be7b1bcd,Success
task-dispatcher,https://github.com/PeRDy/task-dispatcher,947d7b91c2ab3e1891fb0fd5333a5c2a78380fea,Fail_to_Fetch_Tests
taxi,https://github.com/sephii/taxi,a330f044017c2862ba41fd7fa2e5f35d8807f968,Success
tbvcfreport,https://github.com/COMBAT-TB/tbvcfreport,f0f932667581433089e02b49e1aaee1bb4984502,Fail_to_Fetch_Tests
tensorcraft,https://github.com/netrack/tensorcraft,15295b29a82927e94db22ebbcc17d4291348a165,Fail_to_Fetch_Tests
terrascan,https://github.com/cesar-rodriguez/terrascan,fd4ca9d23e694185fd5cb9ddf357b52b15adc6ca,Success
tf-plan,https://github.com/thiagopbueno/tf-plan,d8b6ea92604367553d566c8706a9ab0571f92a2e,Fail_to_Fetch_Tests
thredds_crawler,https://github.com/ioos/thredds_crawler,fb29ea2fb8d079cacc6c09f79245e8f54f77c6a6,Success
thundra-lambda-agent-python,https://github.com/thundra-io/thundra-lambda-agent-python,fcd1c2b0b309721d89bd35511bd6645ebd62a5bc,Fail_to_Fetch_Tests
tidyframe,https://github.com/Jhengsh/tidyframe,aa4f8a35cb4abe4d883eb59b6ef6a920580b611f,Fail_to_Fetch_Tests
tight,https://github.com/michaelorionmcmanus/tight,34a332dd6096807e373ea8050df4f795411e6b74,Fail_to_Fetch_Tests
todo-sync,https://github.com/tmurph/todo-sync,32915e9a1509aa2c4083613e256cb0d502c441aa,Success
token-io,https://github.com/overcat/token-io,f1b14fef9fd64989b9c9e5c076272f72253b39ed,Success
tokendito,https://github.com/dowjones/tokendito,f5d8e5171ddcca0c62925263ddb80535f51aded3,Success
torchpwl,https://github.com/PiotrDabkowski/torchpwl,73b09cfa9f4c173988d8f075485b887c694fc5a8,Success
tornado-swirl,https://github.com/rduldulao/tornado-swirl,b8df27efc3d7fd0dce0f0290767c94ac2e747311,Success
transliterate,https://github.com/barseghyanartur/transliterate,9333f242df3f97c1780c4c117f080007f833b69e,Fail_to_Fetch_Tests
trender,https://github.com/transceptor-technology/trender,ef2b7374ea2ecc83dceb139b358ec4ad8ce7033b,Success
tukio,https://github.com/optiflows/tukio,116b35dbceae899d7996b1788449a6e31e3f4512,Success
tunacell,https://github.com/LeBarbouze/tunacell,837d57e1e6caeddf2e6bcdd2db2986fb456dd605,Success
uberdict,https://github.com/eukaryote/uberdict,852b9d8b80ab032ce7eb5c439ea8084336b69d04,Success
ucal,https://github.com/timkostka/ucal,df0ccbc5f8af54fc69df56191bd810481a17b0e3,Success
upaas-common,https://github.com/prymitive/upaas-common,7a7d9ffb385151092c637c3ef500a79623c005ae,Success
urlquick,https://github.com/willforde/urlquick,db765372b73800cfa056047a3f3331820abd4ae8,Success
Utter-More,https://github.com/crumpstrr33/Utter-More,418cf5f5ef337700bf0897e746eff8bb275e6da6,Success
vcdriver,https://github.com/Osirium/vcdriver,2f311df9a73c82b5837d01bac16a10eb4db955eb,Success
vimms,https://github.com/sdrogers/vimms,fcae1a81b4fa4c4913fd0bd3af9b79be8122feaa,Fail_to_Fetch_Tests
vl,https://github.com/ellisonleao/vl,21a2cd5c6a079c0882c7a2dc9ff303b8c8f89f98,Fail_to_Fetch_Tests
wcraas_common,https://github.com/WCraaS/wcraas_common,af209ab412c18473edfaaf2871eef9c0357b91e9,Success
web_dict,https://github.com/upday7/web_dict,c7be8a69028b1fa8be61417b25e322083e2dd2a7,Success
webdriver_manager,https://github.com/SergeyPirogov/webdriver_manager,82b4657acc02ab7b3977acc26cfc62ffede8dedc,Success
webssh,https://github.com/huashengdun/webssh,51d527fe75a62aed239126a6697749a30baecb30,Success
wechatkit,https://github.com/istommao/wechatkit,e46341c29a69805a8e4c425dc620039fb06b1e45,Success
weibo-scraper,https://github.com/Xarrow/weibo-scraper,8d1ffc9060ae7ddba217093c23ab8111f9b351c8,Success
wellpathpy,https://github.com/Zabamund/wellpathpy,f29b14a9a1c46e77ea98b141e3cdc43674654ea2,Success
wkr.py,https://github.com/wroberts/wkr.py,dbb3c1742c10bfaf697fa276d2cc8885e144ab43,Success
wopmars,https://github.com/aitgon/wopmars,33680f94163d82ce43557cf7f87a5f9ead496fdc,Success
wqio,https://github.com/Geosyntec/wqio,8fcd57cc8b8365208eeee0162438307db0ca0dbb,Success
wsstat,https://github.com/fitblip/wsstat,f7c91eb8765a801ad5e0504ca22ee2ec832cf682,Fail_to_Fetch_Tests
xenavalkyrie,https://github.com/xenadevel/PyXenaValkyrie/,92b45f1f37a5589cbdb9224a287fa0426d2c8d47,Project_Not_Found
yadll,https://github.com/pchavanne/yadll,6114234a8a25cfda7a596b9a6e75bb121de6f4d2,Fail_to_Fetch_Tests
yahooquery,https://github.com/dpguthrie/yahooquery,ff9c062222d59b3d9f8abfaeeb706cd7af8fe690,Fail_to_Fetch_Tests
yamicache,https://github.com/mtik00/yamicache,1109d08b18be94bdee55e113309f7be29f25d840,Success
yaml-config,https://github.com/GreenBuildingRegistry/yaml-config,558022920cb148dd413d1bd2854756c055d62044,Fail_to_Fetch_Tests
yaml-resume,https://github.com/notsag/yaml-resume,25ad6695993a7dab540730e8743d88b28e52df0e,Success
yandex-checkout-sdk-python,https://github.com/yandex-money/yandex-checkout-sdk-python,da3e8512cd21fb55726519c51974d6f8b1885242,Project_Not_Found
yapconf,https://github.com/loganasherjones/yapconf,f685ed6a6f532a8f836deb205fc2509e9422329b,Success
yawast,https://github.com/adamcaudill/yawast,5e9e7a37831c030530adb971925ee135e9bfcafb,Fail_to_Fetch_Tests
yeahyeah,https://github.com/sjoerdk/yeahyeah,bf8c5b8851cb1aeeeb2abfcb92da00c7551f884e,Fail_to_Fetch_Tests
yunomi,https://github.com/dreid/yunomi,1aa3f166843613331b38e231264ffc3ac40e8094,Success
zanna,https://github.com/MirkoRossini/zanna,4c28b5ea3940fba69bee3fdf965a039c9b8f45c5,Success
zengin-py,https://github.com/zengin-code/zengin-py,132d222bd4a7127e398e81fe7cbdf6e369a8e6cb,Fail_to_Fetch_Tests
zenmake,https://github.com/pustotnik/zenmake,6cff05114cea34fc204d9e95422f11dc25cd1228,Success
zula,https://github.com/efe/zula,6328eb9c0e18debaaa769b7ac0d05a4a472f4746,Project_Not_Found
