Project_Name,Project_URL,Project_Hash,Number_of_Tests_in_Test_Suite,Number_of_Failing_Tests,Time_to_Run_Tests,Number_of_OD_TestsBT-Tracker,https://github.com/nordwind80/BT-Tracker,558c15b399871c1ca11d0c4ae1eb598e3060931e,11,10,0.0035269558429712,1
Breathe,https://github.com/mrob95/Breathe,4600818e24f4156cd7bb8cc0f43886b27323968e,24,0,0.23991587013006122,11
Butter.MAS.PythonAPI,https://github.com/bennymeg/Butter.MAS.PythonAPI,f86ebe75df3826f62a268645cdbe4400b43fab07,208,78,190.77554814517498,56
ChainConsumer,https://github.com/samreay/ChainConsumer,3206a98f5e121ff3e17c30c840710bd7fda59fca,224,0,98.49577639997005,8
Coinsta,https://github.com/PyDataBlog/Coinsta,7cdce24669e5ab40852f0b88329c68e5bb568f5b,13,7,13.15042757987976,1
ColonyScanalyser,https://github.com/Erik-White/ColonyScanalyser,38034b7d62a7c4f72a9f6981d0218c23f22cc7c8,459,4,10.435120634734627,2
DotDot,https://github.com/Gsllchb/DotDot,89a6f7a86866de9c348f7e91da57c359c94568db,4,3,0.1014857515692709,4
EZconfig,https://github.com/shalev67/EZconfig,2cedba67fbfe0ca448ccf7134b51e4e9329a6d16,18,0,0.0385625958442678,2
firebase-live-data,https://github.com/heston/firebase-live-data,dd73615ccfae11e95830f49df8d3a90546d671f5,119,82,0.04355788230895399,2
Flask-JWT-Router,https://github.com/joegasewicz/Flask-JWT-Router,0fb1e256c81409be6f08d8be12f07e5f58b4f914,23,0,0.10744167864322558,13
flask-multi-redis,https://github.com/max-k/flask-multi-redis,fa781d3598448a6429309a686de9a8adb53f9f34,33,2,0.0429609492421133,26
Flaskerizer,https://github.com/brettvanderwerff/Flaskerizer,5a9724804f4e479fc3289e8644dc788adfeff06d,6,5,0.013846807181835,1
GOApy,https://github.com/leopepe/GOApy,a8e0dfe5f0f593107884ad54f89a27f67ee28129,12,3,0.0090277567505833,1
HikLoad,https://github.com/Tedyst/HikLoad,b3eb7be65bd34040992e1b7b15f23ff4ce2e8dc4,2,0,0.0006483793258666,1
IOCynergy,https://github.com/omersaraf/IOCynergy,1821423680f741d8ca06bcc6a02c8b21156f9ba0,14,0,0.0224199369549747,1
JavPy,https://github.com/TheodoreKrypton/JavPy,61df53aafbfbd05ed1efa8c51a08d6e9252cb533,51,3,152.04830817133188,7
LabIFSC,https://github.com/gjvnq/LabIFSC,cb56b75f51eb54680d0b81f4c87aa0234538a2a8,44,0,0.025172784924504903,2
Lyricfetch,https://github.com/ocaballeror/Lyricfetch,0cf9e3c541712933b1050e942671a92028e11f9c,78,18,16.73723266273737,1
MusicAPI,https://github.com/kushao1267/MusicAPI,c6340d5dd6df869a90a44a311d3cd7a383bd4cf4,7,6,5.597293093800545,2
NestedDictionary,https://github.com/cahoy/NestedDictionary,881f0ea8af36a60fcd1b9d7a84b1aec4cd7072b2,29,0,0.015308804810045698,1
Neuraxle,https://github.com/Neuraxio/Neuraxle,20c6e5713198345b43bf6899355f1b5cf65eb02c,418,2,244.06512924283743,2
NeuroKit.py,https://github.com/neuropsychology/NeuroKit.py,fc77dc94e421d5b166a5516b7186bae483d753bd,15,2,5.16405887901783,1
OccamTools,https://github.com/mortele/OccamTools,26c47709f6b870c89403f03ade0950de9f301639,68,0,0.6522865965962378,2
penman,https://github.com/goodmami/penman,e83cf6d006724d72a3e19a955aad94412da912b7,86,0,0.06712792068719413,1
Py-MI-PS,https://github.com/AshtonUPS/Py-MI-PS,2d22327c75bac1b58a4804a61e7a703ecc5ba978,74,4,0.04796613752841573,1
PyGraph,https://github.com/Rickecr/PyGraph,e81c3a0f543f5bfcda1a603c6dcecde13d582c57,58,0,0.020267292857167402,15
PyInvestor,https://github.com/SamurAi-sarl/PyInvestor,09259ad387dab597a7a525ae73090dffb886968f,30,29,4.27846273779869,1
PyJsonFriendly,https://github.com/maboualidev/PyJsonFriendly,8b1ee498bc7a27024851b5101bf09913031e2477,8,1,0.0045840069651599,1
PyRedisEasyIO,https://github.com/washad/PyRedisEasyIO,30d566760aa622ae6e8fcc1fa4abdc79b6bda614,29,23,0.0633766651153549,1
PySyncDroid,https://github.com/DusanMadar/PySyncDroid,9a217a54f4286af8e7505c184eb2a6775f52d815,63,5,0.8578315749764417,1
QTAF,https://github.com/Tencent/QTAF,c9141e8fbdfd89f5f13dd59dfab17f9e8193dcf8,84,0,22.473388627171516,1
RandomFileTree,https://github.com/klieret/RandomFileTree,aaaa975ae61afa6f0f5b481ebafcfa0f0216e471,17,1,0.9927236288785928,1
RaspberryPiMovementDetector,https://github.com/KSanthanam/RaspberryPiMovementDetector,a415e5aca22fa41ce0eba0b61cf56d3035f92f64,10,0,34.052261650562286,2
ReactOBus,https://github.com/ivoire/ReactOBus,841d5c0442ffe92fcaec278e07053afe5b93d925,32,0,13.240875512361526,1
SCout,https://github.com/holzkohlengrill/SCout,8fd1eca0607b27d6e0c537b2ea1211d23356edff,22,0,0.0086082369089116,1
SNData,https://github.com/djperrefort/SNData,e4854f0dc357484b437b15f9dac15f7c589eff58,182,1,68.45459178835154,17
Tale,https://github.com/irmen/Tale,a2a26443465ab6978b32d9253e833471500e7b68,267,0,2.0213029980659405,3
Verifone,https://github.com/vilkasgroup/Verifone,5509c08767a9b482cfe5a9572854cf4c73ad6c02,31,7,1.246619686484336,1
YAROM,https://github.com/openworm/YAROM,cd4fb6cb8fac72a198858225ce89ad8b9c9175fd,95,10,6.007375977933405,3
accessify,https://github.com/dmytrostriletskyi/accessify,6b7cf8657ffe18cd6a43c6cfb73b071084f0331e,41,0,0.05274734646081751,12
acme-mgmtserver,https://github.com/mswart/acme-mgmtserver,c3a0d90f80ced8724515e7bbec3764b16581e5b6,172,70,10.536783516407011,1
aiobfd,https://github.com/netedgeplus/aiobfd,090122474d5bf6266393f0908c13be5812fdb1c3,91,72,0.24155546724795832,1
aiopylimit,https://github.com/dmarkey/aiopylimit,b4075a8ac30dbbef59a2243f618a35a2f54b590c,3,2,0.5252428427338599,1
aiotasks,https://github.com/cr0hn/aiotasks,ec485c84db55227c9283319a9c58401e294a06ff,71,36,3.517199560999869,10
alertlogicAPI,https://github.com/Fabio-CS/alertlogicAPI,8c5176ea611479aeb5475d6fd98f2a3688a7a631,159,13,12.458170488476753,1
alphanum_code,https://github.com/ylaizet/alphanum_code,fb5cd313dc41f046aac01ff01d6e1561d17894a6,2,0,0.0128155946731567,2
anonapi,https://github.com/sjoerdk/anonapi,5e70dfd9fcb7dcc4e2345a6a153d9530f4886e73,132,0,0.711609691381448,1
api-python,https://github.com/datacommonsorg/api-python,6d09ca1557da0af893f008f7302801f12afc2d46,34,0,0.05818536877631952,2
apyhgnc,https://github.com/robertopreste/apyhgnc,26efa764a2262cfa12c8a2f0f077569e7f3e4e79,35,20,14.534765608608723,1
argutil,https://github.com/cmccandless/argutil,15b4d309fefe7a2d7648dac3974bd22ba7b1030a,87,22,0.2349532917141874,12
aries-staticagent-python,https://github.com/hyperledger/aries-staticagent-python,62f0e4e435e4e324f76a8fb724d0f733192bc0c3,134,6,0.4193345233797955,2
asv,https://github.com/airspeed-velocity/asv,a131ca742daf53c4521fbfefeb53507b5c140c84,215,42,772.271649800241,25
async-kinesis-client,https://github.com/whale2/async-kinesis-client,e7df499141854b8b7638a7ab0adce14a4d28201e,10,9,6.016002282500266,2
asyncloop,https://github.com/dgkim5360/asyncloop,e4f50156a74ee6430a8ade66f201ba61066396e4,25,6,2.4635126441717143,1
atlasclient,https://github.com/jpoullet2000/atlasclient,02b3e7d9a6596d1123fc22b6bfed08d60105d19e,62,0,0.10911428928374951,1
aud,https://github.com/zdhoward/aud,2dfc81dad3da78537e1b1c6f5cc5630ba5b837f9,10,2,111.44174668192863,6
authnzerver,https://github.com/waqasbhatti/authnzerver,bc735a1c9e1c084c40854a539a000d69a50ed486,1791,9,189.90136314928532,4
autoclasswrapper,https://github.com/pierrepo/autoclasswrapper,af43dd833e5586386098d1793a59332e968069da,32,5,3.189752168953418,7
autodiscover,https://github.com/nicolaszein/autodiscover,3009f81c51b7a4cb077427e429d740db98eb173b,2,0,0.0046527460217475,1
py-autodoc,https://github.com/heavenshell/py-autodoc,001d5ff03d41a5d714075eb08e666c413d50f0ac,30,7,0.10849916934966891,15
autoyaml,https://github.com/martyni/autoyaml,be3f450667bcca477683e63bcc49c67c5d170855,6,0,1.0644264593720432,2
aws-lambda-decorators,https://github.com/gridsmartercities/aws-lambda-decorators,bbd25a7002b99e57fe7da225b6aad06cb1e43b9c,153,4,0.14919809997080996,1
base10,https://github.com/mattdavis90/base10,93577e85215e4cd7f02a504ff6a23501d56a1748,24,0,0.011907339096068198,4
basic_auth,https://github.com/rorymurdock/basic_auth,622f2133c13988cec549f4ea55bed14e50f90876,22,2,4.275977455079555,9
beem,https://github.com/holgern/beem,f3c3bd84daccac1ee4ed45c1ada0f88f29ca3f2f,578,71,388.9425388723612,1
bloomtime,https://github.com/Poogles/bloomtime,94343456192c0a4837ddad2c421d59c7a3fd02fa,6,0,2.8907127603888516,1
bloop,https://github.com/numberoverzero/bloop,7ee0b0e20935dd0f396e758e7b0c26c76a316338,1875,26,1.061651542782693,1
bluebees,https://github.com/matheuswhite/bluebees,ca18ee6dae60393480bac3893038790957727748,24,0,0.7014353722333899,4
boatd,https://github.com/boatd/boatd,bfd389f980d6c8cfd8e036dc1be1e746e891968b,35,0,1.414179220795631,2
bomweather,https://github.com/aguinane/bomweather,cfe945a64900a9207a44c42551ec2c365916b7d2,6,2,16.82557275891304,1
bootstrap_env,https://github.com/jedie/bootstrap_env,ab68025d8f6b9a17d8feeed83e8aae26e3f28769,26,13,0.8285601884126654,2
bottle-neck,https://github.com/agile4you/bottle-neck.git,ebc670a4b178255473d68e9b4122ba04e38f4810,21,0,0.010579101741313001,4
bruker2nifti,https://github.com/SebastianoF/bruker2nifti,4fbac970e9125f3e53dd5e31d63b971ad739a6d2,42,0,0.6140900477766972,1
buildozer,https://github.com/kivy/buildozer,4a18fb321e8410c44c9a62bd65671f33df3a470b,32,10,0.2527127936482414,1
bupper,https://github.com/michaelpb/bupper,d3751472b90132e781dfb32310b5b567658b7f31,11,1,0.6290092244744294,3
cBinder,https://github.com/Tetrite/cBinder,940e8c78eb9cf2eda1bc69427a6279b8b832bfe1,97,9,0.45660313963889626,1
python-caching,https://github.com/bofm/python-caching,16de50c119f8896e923e3f10488ecf6ffe535f45,79,0,1.7002669200301161,1
carbonize,https://github.com/eillarra/carbonize,efc89b8a9e44f9d64110406ce70929a9671517c7,10,0,0.006490603089332,2
centreon-sdk-python,https://github.com/guillaumewatteeux/centreon-sdk-python,9f207d5458afc3304e24f16988069467b19eab81,44,0,0.2267965227365473,41
cfgsaver,https://github.com/prahladyeri/cfgsaver,9654076b418c96bcddbf2fddc5fdb0f6f4117278,2,0,0.0019269883632659001,1
cherry,https://github.com/Windsooon/cherry,bc6ae1f0284d837fb95279098538530312313534,34,4,0.0518163889646511,6
ci-diff-helper,https://github.com/dhermes/ci-diff-helper,876affd3ba49d78c48708a12103d39ef3c7d5f1d,142,97,1.302484072744842,7
clashogram,https://github.com/mehdisadeghi/clashogram,5b8cc18adfc92ad381040ee25b750df462122939,42,0,5.878618799149988,1
client_python,https://github.com/prometheus/client_python,5b0a476489fc6a26c177683b539142c91005de06,256,5,3.9857908412814136,1
cloud-validation-framework,https://github.com/prancer-io/cloud-validation-framework,94522590d9881a5125d81da701a65f7f63383c0d,168,0,2.9217347651720034,11
cloudnetpy,https://github.com/tukiains/cloudnetpy,26f2607b890630146469cfa410fce99438ceee3f,439,7,5.76445201039314,51
clu,https://github.com/nir0s/clu,77da967a4577ca4cf100cfe34e87b39ad88bf21c,153,7,497.8800364509225,7
coinbase-commerce-python,https://github.com/coinbase/coinbase-commerce-python,d306fc562309edb909c8ace501c63327a7635975,79,5,0.2534265071153599,8
colltools,https://github.com/JakubTesarek/colltools,e50f98ccda33ab409fcdba277a39f071824e24c7,17,0,0.006437644362448701,1
compare-mt,https://github.com/neulab/compare-mt,92502b30b1f228773179a01dd86fe1b8dfd400e5,19,2,49.383201725780964,4
compilertools,https://github.com/JGoutin/compilertools,7b898cb6970f5f25c5356b15a2efd0cb2e54d566,50,5,23.78501384705305,2
compiletools,https://github.com/Zomojo/compiletools,e45c5ad452b86c1fe557961aa4ebefd3f34f6a58,40,3,18.812957502901554,1
compyle,https://github.com/pypr/compyle,f557e49c7e18a49efdb5807ac650ba590db81cb2,292,89,275.6447204053402,3
config-better,https://github.com/kade-robertson/config-better,c14638da3fe95a669a04db2602e1f6ea15591c36,22,0,0.007835492491720998,12
configaro,https://github.com/mojochao/configaro,d7b432fb2f99c4cb3c3208082f0afff62454c83d,28,0,0.7716200724244107,1
confight,https://github.com/avature/confight,be2d162c99cc3c709289913de137f8d8bfbd35d5,61,4,0.07604064047336301,1
configparse,https://github.com/jyn514/configparse,d7a4ee5b121de2be1858104723bdb7ac47df64ce,7,6,0.025900252163409895,1
coo,https://github.com/wilfredinni/coo,da9e75d46ed65599cd2223b029ac30c08496a80b,89,0,0.5245416313409763,1
cornice.ext.swagger,https://github.com/Cornices/cornice.ext.swagger,17a63e86751c7d8f1b2b75d49056161c80f4cef2,105,0,0.5499360710382414,1
crfmnes,https://github.com/nmasahiro/crfmnes,5fc9625c86135fb5e8824f867a08cc410d3638bd,10,0,420.35562175512314,1
crom,https://github.com/thegetty/crom,98bb6be4e32b4c81eb7e0b5e841a915b015abaf0,84,2,0.06135528534650358,38
cvbase,https://github.com/hellock/cvbase,e48d2f76aaeea6472b2175c37780f7b90ae7f1b6,76,33,16.44471761584282,1
cw-sdk-python,https://github.com/cryptowatch/cw-sdk-python,92bd90db16dfc116c0708d19d27208d9bfc990c1,13,4,1.6455907747149467,4
dame,https://github.com/malpunek/dame,d6568d3088dd0a8b87eb5d278e04ab857a622418,19,0,1.6682967245578761,2
danlp,https://github.com/alexandrainst/danlp,0c7169e4c8b0595205fbb7bdf64ce4f2ca79edcc,26,3,1107.7254400029778,8
data-pypes,https://github.com/isnok/data-pypes,dcfe6feac2b617f9f8624cff81c44f72c0313ee6,36,1,0.3496741652488689,1
datapungibea,https://github.com/jjotterson/datapungibea,fe3b262b7e2ceffd12621693c94af9b6cc43e408,30,29,11.527062498033047,1
daymetpy,https://github.com/khufkens/daymetpy,539f8d47315f0f68f86875d7805541dadcb76604,2,0,0.5836142003536224,1
dcard-spider,https://github.com/leVirve/dcard-spider,ac64cbcfe7ef6be7e554cef422b1a8a6bb968d46,40,19,6.888971954584122,2
debinterface,https://github.com/nMustaki/debinterface,abd30a55dcbadc30fd66143adc196034b663054f,45,0,0.13958102464675712,1
deezload,https://github.com/vanyakosmos/deezload,8a25f4657d648a3c70b6287a9828cec724c8fa0e,14,1,86.87912904471159,1
devtracker,https://github.com/ConSou/devtracker,ea892d6d48aa5d4627b429469b59ae3f0ce7f10f,19,2,5.0278199538588515,7
dicom-standard,https://github.com/innolitics/dicom-standard,4d40ca75e3af51dd8fc2b027a7f79b6a2f4193cb,70,0,912.6809872612357,2
dict,https://github.com/wufeifei/dict,89e730dbc035da6b5ceb598833d2eafc5343864d,4,0,2.2981227934360504,1
django-beam,https://github.com/django-beam/django-beam,43b2111f5c65937aa1e2cc9704b59796e982a805,80,0,10.498446770012379,11
django-hug,https://github.com/jounderwood/django-hug,778b16f568ce9fdb01f360b7bff89c9d8b6c2ef7,37,0,0.21668038517236524,2
django-registration,https://github.com/macropin/django-registration,b66ddb4b0044c5a0f24b6a23d5387f68b6d7e577,144,0,64.17034300416708,5
docker-pretty-ps,https://github.com/politeauthority/docker-pretty-ps,2fcc9db4e391df2b96ccc2e967b41b6263fdcc2d,18,0,0.0086598768830291,3
dockerpy-creds,https://github.com/shin-/dockerpy-creds,9c0b66d2e445a838e1518f2c3273df7ddc7ec0d4,7,6,0.0062722042202945,1
domain2idna,https://github.com/PyFunceble/domain2idna,39a1c4e1ebb877ed511e53b618fbe437a685c970,29,28,0.025278680026529998,12
draft,https://github.com/edelgm6/draft,bdd813dfeb914b91c857f8a6675c86c7972555b3,54,0,0.26854132860898705,2
dunamai,https://github.com/mtkennerly/dunamai,0f35675e96835726d8e9dbd3901d9f7b029154d3,37,9,0.7007648125290851,1
dynamic-conf,https://github.com/jnoortheen/dynamic-conf,42257f06a66765ac4f5de1c6a4637f4db779c5ab,12,0,0.037162877619265795,8
dzonegit,https://github.com/oskar456/dzonegit,8f952086aa41aee4ebb7432926ed8c6a9211ac9f,21,5,1.4192062839865676,7
easy_python_requirements,https://github.com/tjdevries/easy_python_requirements,2bf905f34065637cbc781d17d8e5806892fb66d5,43,0,0.1977815181016903,2
easypy,https://github.com/weka-io/easypy,9501c3ee03dcb1630e58cbb73b1647056907bcea,212,47,11.405605085194107,44
ebaipy,https://github.com/brucehe3/ebaipy,2fc6740ee5355948ca2e7f2874ee5edb9acbd578,8,2,7.415970265865326,2
HARK,https://github.com/econ-ark/HARK,c9138af45fd0a0d97c718c8558f3ea8d9f2ae820,87,0,901.9493697285652,4
ecs-crd-cli,https://github.com/AdventielFr/ecs-crd-cli.git,7b296c64086a204d3540da272e3d8dd74721c6c4,60,1,1.36482947319746,1
edk2-pytool-library,https://github.com/tianocore/edk2-pytool-library,ab6bac82f297b4e8fe0a0d4dcde4711b3cb1bc88,242,16,0.5794706493615994,1
elemental,https://github.com/cbsinteractive/elemental.git,ca570c9f5fc43e20a4db23fc0137380f87be63f0,22,0,0.1859544217586505,1
elife-tools,https://github.com/elifesciences/elife-tools,a5b93afbe4db7852bf1aa12265090d60140fca8e,814,603,1.6508320793509137,2
engfmt,https://github.com/kenkundert/engfmt,b908ef69aa7941e561019e24f969703f3234753b,6,0,0.1502703428268429,4
enpyronments,https://github.com/stephen1000/enpyronments,0848c55a2a1b132b3beba94265c103ba49385c8f,731,5,0.23027676343914288,55
envyaml,https://github.com/thesimj/envyaml,79a220cabb69d71397310d941de205610cf5e4cb,21,0,0.1549867689609518,1
eppy,https://github.com/santoshphilip/eppy,98e58583dce6c0fcec9c7b1ff1142bae0a67ddc7,218,45,29.01828445494175,84
epsagon-python,https://github.com/epsagon/epsagon-python,b985d8412848f9a0c98e2f15ae0967a6dba3517f,111,1,4.585353858768938,4
etaprogress,https://github.com/Robpol86/etaprogress,224e8a248c2bf820bad218763281914ad3983fff,68,68,0.0259840041398969,28
exceltojson,https://github.com/malongge/exceltojson,6724c7de5153a7b125011e879419273589206d0d,14,0,0.0936103612184516,2
ext_pylib,https://github.com/hbradleyiii/ext_pylib,15a9b5a80db87b5f20e03ef6bfa015acf4bf8543,181,2,1.7909494936466213,3
eyeflask,https://github.com/n8henrie/eyeflask,0fc6b042aac6e30885ecb2d6817fb67fad6e07d4,7,4,0.0211369246244428,1
fairsearchdeltr-python,https://github.com/fair-search/fairsearchdeltr-python,5bc2e8f0bf24ecd492978474919f512d3c0b65e1,12,0,675.3761086985469,1
fanstatic-tools,https://github.com/MiCHiLU/fanstatic-tools,c075a2195c8138d103b72ef8445ef08f2a865984,100,0,0.31645794957875734,3
fastapi-sqlalchemy,https://github.com/mfreeborn/fastapi-sqlalchemy,8ddf0edab22873365441757107ce21234bc09f8f,12,0,0.07762586325406988,2
feature_engine,https://github.com/solegalli/feature_engine,ba4d7050b3923d620c1773b66cd4c51ed24498dd,57,3,1.9787533581256862,4
featureflagclient-python,https://github.com/tmaslen/featureflagclient-python,05cd5705d3d51488da9ce5a4d1ade65d8fd49e82,6,0,0.6478509604930875,2
fileguard,https://github.com/iluxonchik/fileguard,73854b783faadb8e5370c407b897049131a42e50,18,14,0.1837967932224264,14
filestack-python,https://github.com/filestack/filestack-python,1bd6749735e5c78dde767e0685ddfdf0cd7423e2,106,0,1.0553304776549317,2
findatabroker,https://github.com/tomerten/findatabroker,204c433d51e2d2de5c132a4607cd504809fd4a71,14,0,0.5712915360927577,1
firestore,https://github.com/workenvoy/firestore,4933f1a9f307539a8cef4ea80869c8821a92bc8d,77,28,0.028382837772365693,2
fish_base,https://github.com/chinapnr/fish_base,1615ccff9106bf42fc6ae862cd13353c12c1b76d,104,2,2.579100020229813,1
fishbase,https://github.com/chinapnr/fishbase,1615ccff9106bf42fc6ae862cd13353c12c1b76d,104,2,2.824754446744915,1
fissa,https://github.com/rochefort-lab/fissa,2077a8c8a029948dcf1d4c352f785700f42aff9f,110,8,46.82644674926996,1
flask-apify,https://github.com/vitalk/flask-apify,f486d2616575be0e460ccf354d22badb7d68b387,98,73,0.33561082929372266,3
flask-ipban,https://github.com/Martlark/flask-ipban,882a25495be55609e5d9a058b8139b78836d64d4,2,0,0.0533493682742118,1
flask-request-logger,https://github.com/BbsonLin/flask-request-logger,26b87d56cf1dffb3f8d6a2ca8c2b1873b9d6a65e,6,3,0.23606571555137612,4
flask-rest-jsonapi,https://github.com/miLibris/flask-rest-jsonapi,b44bc08b11213d49fadae873650d3555889052ec,102,48,0.5844726637005763,1
flask-smorest,https://github.com/marshmallow-code/flask-smorest,02e9e84def5ace80522c76b830fbef9930a28771,575,1,13.44299031049013,16
flask-sqlalchemy-booster,https://github.com/SuryaSankar/flask-sqlalchemy-booster,e43980e29a18e725d791b87ce1b677470bbaf22c,12,2,0.8345468416810029,3
flask-unchained,https://github.com/briancappello/flask-unchained,9004dc99db14813e20bea8c4023a45aa3a120965,422,172,30.248045787215226,1
fmi,https://github.com/kipe/fmi,c567622ad29a14a03645b8bc8c7565f315b53480,2,0,5.418562151491642,1
fooof,https://github.com/voytekresearch/fooof,7a520c4f8ac3a44f4f18dc025b5e5d40049c9f2b,191,0,12.225967474281786,11
fparser,https://github.com/stfc/fparser,4be91d2e1078fa5588e84a3299131f297afba675,2360,20,6.755145914852587,1
freesia,https://github.com/AuraiProject/freesia,16834c17725edac74eb50fc5ce2ff1db6f3f4840,14,0,0.0069830864667885,1
freezegun,https://github.com/spulec/freezegun,b46da782a7a051081fd51577749cfc0074db0cc6,112,6,1.9701615422964076,17
fuelwatcher,https://github.com/danielmichaels/fuelwatcher,1d2aa12016c227edfd47f3e2ca3e72db32000de6,2,0,0.0027472600340842,2
gamry-parser,https://github.com/bcliang/gamry-parser,0e1f81fb8fd3e433e0df945a85b133ed70a416e4,18,1,0.42237520217895413,5
geom,https://github.com/josiest/geom,d12b381706ee620cba1c6a6cb45ab7815e5a1dc9,19,0,0.0387581959366788,2
ghost,https://github.com/nir0s/ghost,77da967a4577ca4cf100cfe34e87b39ad88bf21c,153,7,510.1555664241314,7
git-profiles,https://github.com/popadi/git-profiles,ca20173f63f57c21868c4c49c1e5c515d4bc87fd,18,0,2.4627014175057407,1
gitlab_stats,https://github.com/Sylhare/gitlab_stats,23fbc53f30e09c122ebe8259ef6850756e454d7e,41,2,128.65866354852915,6
googkit,https://github.com/googkit/googkit,cacb37bf65e5ac19379b329beb02af907240aa60,120,3,0.47215092927216895,1
gplaycli,https://github.com/matlink/gplaycli,b161dbffa64ddc7081ca7c880ce27f84c2f0a0d8,13,12,262.1505399942398,1
grabbit,https://github.com/grabbles/grabbit,83ff93df36019eaaee9d4e31f816a518e46cae07,50,15,1.1824568361043901,5
gramhopper,https://github.com/OrBin/gramhopper,9396533d10bb469c77985ad931033f400479809b,39,0,7.267899952828884,8
greensim,https://github.com/ElementAI/greensim,f160e8b57d69f6ef469f2e991cc07b7721e08a91,114,0,0.5195313543081226,6
gtsrvd,https://github.com/narfman0/gtsrvd,af78aa061c910658dfbc89d24171dff334b087f9,6,0,0.0686193704605101,1
gwopensci,https://github.com/duncanmmacleod/gwopensci,06b56ce506fda3af4857c8a1aae7bb60fb1925e9,71,1,8.110681727528572,29
gwosc,https://github.com/gwpy/gwosc,06b56ce506fda3af4857c8a1aae7bb60fb1925e9,71,1,7.877190798521042,11
h5nav,https://github.com/clapeyre/h5nav,595040c2f9b65196ceaf18d1c2c58d848466a22c,21,1,0.08936905115842719,9
hack-requests,https://github.com/boy-hack/hack-requests,f78ebc36edb08308222b00239850cefe87c77fb6,10,0,1.44417043030262,1
hirefire,https://github.com/ryanhiebert/hirefire,cf8686d127cc914cea350350b5bfe8acfa4163ce,3,2,2.9848535358905792,1
hmmpy,https://github.com/klaapbakken/hmmpy,b5d95e72d0cce150db265e94cf623d1d57148607,10,6,0.2525134161114688,1
Hockey-Scraper,https://github.com/HarryShomer/Hockey-Scraper,a829e0a0fe4bf548109863031ea9987abc0219a0,42,16,63.304750584065914,3
hotwing-core,https://github.com/jasonhamilton/hotwing-core,f4d864b1618e928bd981540b2a446bdb74023ca6,49,0,4.833348371088505,1
hpdr,https://github.com/laboo/hpdr,6760ceb1f4a6078f70e86e54bb2ee4e269915f9c,46,0,5.889453209936617,1
python-httpproblem,https://github.com/cbornet/python-httpproblem,0b08139277e9cba02339eeb0996c0910d047274a,18,0,0.0118730068206779,7
icloud_photos_downloader,https://github.com/ndbroadbent/icloud_photos_downloader,e5f304941e2a74b1fbda06c4270ec2fc100e6a49,38,21,18.335426956415176,4
identixone-python,https://github.com/identixone/identixone-python,232e5dfcf98ebe91a3ed433a265be161ee965a5e,65,0,0.4311333745717974,4
iexfinance,https://github.com/addisonlynch/iexfinance,e502c671643a10121dd423c5665adc56b982199b,280,234,1826.4075869247317,13
impedance.py,https://github.com/ECSHackWeek/impedance.py,d1019c161be9e967ae227117b72acae4351e198f,28,0,15.086301177740097,2
instabot,https://github.com/instagrambot/instabot,d68b55015322898c3842c92dcc5989581043252e,215,0,2.2404861450195237,14
instabrade,https://github.com/levi-rs/instabrade,73d027ce2e3b0141c7f1c83567151b5638905355,23,0,2.5582171902060504,2
intake-cesm,https://github.com/NCAR/intake-cesm,00fe97676b165bf41fb985a5e03b07a4a9772b71,147,98,2.499116741120808,1
irritable,https://github.com/timb07/irritable,6d250dd716890b7b78b2b42e2f04be3058b09856,3,0,0.0032260566949843,1
isle,https://github.com/dmkskn/isle,81397e6e8c75543f9fd2efd2c34928077542da2a,313,283,7.953331224620341,13
jackfruit,https://github.com/zzzzlzzzz/jackfruit,350a41aa28e2bdc9367f9dd5e686b21125828589,55,0,0.025091648101803903,1
jake,https://github.com/sonatype-nexus-community/jake,a1dd3401c8f3faac41dad8a836c2b3d9e7f4098d,23,2,0.32045574486255546,11
jgutils,https://github.com/jerodg/jgutils,6c8ed6aca37d509af8ce1b57635fad62f1c846b4,32,3,0.10181310027837553,1
jivago,https://github.com/keotl/jivago,52761e0822bb5ef8dd081d3f45c53d05738dbd5f,237,1,1.0458833351731207,1
json-storage-manager,https://github.com/hefnawi/json-storage-manager,c7521fc4a576cf23a8c2454106bed6fb8c951b8d,9,0,0.011411264538764399,7
jupytemplate,https://github.com/donlelef/jupytemplate,4e894f3b5ed8cdb00c181581840a12b002886677,6,0,404.7084480971098,2
jupyter-sigplot,https://github.com/LGSInnovations/jupyter-sigplot,498cda8f3648282cba84745d97e8973d2a02ed89,24,0,0.24808318912982794,2
kafkian,https://github.com/saabeilin/kafkian,79eb88b874876632590fea48afcab09592c717dd,20,0,0.050141558051108204,2
kanren,https://github.com/pythological/kanren,bacc7eb5895c348e348c1b5291ddf188f88c5c88,86,4,1.9061573892831771,1
keepassxc-pwned,https://github.com/seanbreckenridge/keepassxc-pwned,aead83c1749b62006a28526905d8fee5cd2ae902,35,25,10.95764112472534,1
kevinarpe-rambutan3,https://github.com/kevinarpe/kevinarpe-rambutan3,5d7469912b559338dc15f5c7fb2abc91103ea0c5,190,2,0.38090714067219733,1
knack,https://github.com/microsoft/knack,dc7b7d857ce3c11b2a3155b81f2470b3b579e7c9,232,0,1.175477989017956,8
knit,https://github.com/dask/knit,934aee7012967453b7343f6e01f16b26aece2aaf,33,20,200.5921567901969,1
krllint,https://github.com/d4nuu8/krllint,2f9376cdae14c201364d9c31b4c19a8ff2f708d2,16,0,0.0409949198365202,10
l293d,https://github.com/jamesevickery/l293d,c026a9b58769f23d3e999234ba9df30fb021f949,9,0,0.0328777655959126,3
laminar,https://github.com/dgellerup/laminar,74258f6e6cc8b3b4e9eaf7cc522192a353a3b45e,7,0,1.8631442189216614,1
layeredconfig,https://github.com/staffanm/layeredconfig,c0eae96da7848ea52b43ac947f284eb2324d9ce1,175,11,0.643421262502662,1
lazy_import,https://github.com/mnmelo/lazy_import,29c74c83e90adff62d363220fee8cf7d6f0dd3c9,206,100,0.20456156879662463,98
lazypr,https://github.com/sanjaz/lazypr,226895868769f613d9e905f265a4fd7c421d2fd4,2,0,0.0010349079966544,1
lcc-server,https://github.com/waqasbhatti/lcc-server,b8256bf28aee42e628abe27f0203d6f5361fb84b,2230,3,296.240526817739,4
lib-cove,https://github.com/OpenDataServices/lib-cove,74ba874ec6882969894797ee0dbc5c70a16019e5,42,0,1.2884865924715987,3
libearth,https://github.com/earthreader/libearth,71d2f3246eb0b6a3668a64e2242616d20b1d7dcd,280,12,8.660054802894589,8
licenraptor,https://github.com/starofrainnight/licenraptor,ed543a2b43b75d733579509a78161928ac29234c,65,2,0.08754643797874112,3
limitediterables,https://github.com/Poogles/limitediterables,3ce3bc28d5c4092db3d5499ad60339c007f4c0e0,4,0,7.073436811566353,3
linux_aio,https://github.com/isac322/linux_aio,007d033b42703e9bb4d7cd99ca50e54108215d46,45,1,2.0460470765829077,9
litedb,https://github.com/JonathanVusich/litedb,2694bc39676d8398f669c0aed96aef89623dbc9a,76,0,8.644675105810165,1
lithoxyl,https://github.com/mahmoud/lithoxyl,9961553a065a1ad8bb7a2407fe74f2cfd6c79a20,35,1,6.434544645249843,3
ljson,https://github.com/daknuett/ljson,1d3dc13001d9d2f61bcfbf9d5c5b16d44fb8076e,33,4,0.041907452046869596,7
logparser,https://github.com/my8100/logparser,ed7948b271884af68eb3bb13fa9ee51a4892552c,35,2,261.4425387904048,1
logx,https://github.com/djrobstep/logx,c53fabbc160fb8d70fa878684ea36f0c22fd5caa,7,0,0.26616550236940373,3
logzero,https://github.com/metachris/logzero,b5d49fc2b118c370994c4ae5360d7c246d43ddc8,19,1,0.128944717347621,2
lol_api,https://github.com/gradam/lol_api,33ea96f5eeac581737949b733d8af1c4436e94b9,163,0,0.11870767176150447,1
m3u-dump,https://github.com/stateya/m3u-dump,1ec3eeedb4c650af76c6c66859375ca2d2a6e1bc,13,2,0.0717496871948234,1
mackinac,https://github.com/mmundy42/mackinac,eccd95394e48f508576af76e6863c9f51f75a5c9,32,28,15.060258716344833,1
marlin,https://github.com/wilfredinni/marlin,85f4ae0080ee9a25c1b8d2e481725ac9c42ca99f,5,0,0.0024062097072597996,4
mccabe,https://github.com/pycqa/mccabe,e92e9e79799c5796f76f3da821dbb5aa56e41028,14,0,0.0078461319208142,1
mdutils,https://github.com/didix21/mdutils,2ef859ecc1e4f1a3e24f4150c96f61180bc57ceb,102,0,0.04882586747407437,8
metcli,https://github.com/ozzywalsh/metcli,4658176034cea68955849bf488494c8ce3ffcbcd,3,0,0.0086857229471205,2
metropolis,https://github.com/ashon/metropolis,2ef1b672bb22ffac2fe6d10d2b96393fc4f76729,9,0,8.073106028139591,2
mgun,https://github.com/maximdanilchenko/mgun,11540dd661afd2e8a18dd74ca0a5b416f671a4a1,36,0,2.8190350383520117,1
mihifepe,https://github.com/Craven-Biostat-Lab/mihifepe,7f03e4413d1e42e9265d790cb64c41f34dbea5ab,8,8,524.6152611672878,4
mmpy_bot,https://github.com/attzonko/mmpy_bot,4faa19a9e04c75af94c45c24dbd0c9d9ecb867d4,35,17,10.124634705483912,2
model-sdk,https://github.com/runwayml/model-sdk,3132b2ab424f1020e8d30e4897057103ab3e6623,149,7,12.012362569570538,2
mountepy,https://github.com/butla/mountepy,796595f0011cc4a62cd7796dd71c3681008a4731,26,0,17.726835139095783,9
moyasar-python,https://github.com/moyasar/moyasar-python,aa8716ae3f98f8782141abe6869dfbb90af98b62,17,1,0.1884402185678473,1
multiindex,https://github.com/sushobhit27/multiindex,b631e60bd47558eca9067a0dc87f0e713cddc6f2,8,0,0.002646833658218,4
music-dl,https://github.com/0xHJK/music-dl,883b643d62c63496572f5b883f76359324a5c853,12,2,7.772554613649845,1
myr-base,https://github.com/Vnet-as/myr-base,56e347b4f4d70f53a6afe55e96c1f9e35f5454eb,4,1,0.2786330506205556,1
mythx-cli,https://github.com/dmuhs/mythx-cli,f6b3d20d51ca1cfaed3cd45226bd1074388d42b9,185,0,4.5702807754278165,14
napalm,https://github.com/napalm-automation/napalm,0e23a55f52221e528be66c1f06a141f937e842f7,522,107,5.354545675218098,2
neon,https://github.com/mrmechko/neon,42ad78e3d79583a93abce6d06b81dafc29017514,3,0,0.003053419291973,1
netutils-linux,https://github.com/strizhechenko/netutils-linux,dfcb0900ffffa3020656338bbab123f6da00a168,10,0,0.1205009594559664,1
neurodsp,https://github.com/neurodsp-tools/neurodsp,19aa50c71deaa19e4ed85efa192afa8ab63d0bf1,122,0,13.832552410662172,1
nnweaver,https://github.com/gvinciguerra/nnweaver,e7a94d743f6eb118592524e30f54cda22cdc5e81,29,0,29.705806367099285,1
nodal,https://github.com/thimic/nodal,261eeefd50298765c5722c5f7da72e6f2927bd3e,41,0,0.028801806271074096,3
noipy,https://github.com/povieira/noipy,c35add5386b57547c5a72650145a267dc88fa77e,24,0,3.268300630152225,1
nxviz,https://github.com/ericmjl/nxviz,d2a2a622e834148a9f4337dbe1021a05c5f18548,38,0,9.597480021417141,2
observed,https://github.com/DanielSank/observed,d99fb99ff2a470a86efb2763685e8e2c021e799f,5,0,0.2669107317924498,1
odinweb,https://github.com/python-odin/odinweb,198424133584acc18cb41c8d18d91f803abc810f,450,4,0.38118045777080184,14
omf,https://github.com/gmggroup/omf,bf0cfaa4d05c438606d7b4561166bf12d2c1be74,61,0,16.665600173175335,1
osc-tiny,https://github.com/crazyscientist/osc-tiny,88c33c2c7f73ea26067e1bb4190bab5dc298dd85,48,1,1.0972709357738477,1
pageobject,https://github.com/lukas-linhart/pageobject,6ae83680ae62a94f93cefc394e4f3cc6999aeead,168,0,0.058518894016734095,1
panamah-sdk-python,https://github.com/casamagalhaes/panamah-sdk-python,746f3fb7ebcf01810917bf9afa8e7ff5a4efad21,23,8,6.167896084487438,8
parse_it,https://github.com/naorlivne/parse_it,886d7de0e74e67edc136411a5220e35c1149e743,123,52,0.3635210767388283,2
parso,https://github.com/davidhalter/parso,6ae0efa415c9790000dba70f87e6ece20d6a4101,1213,0,16.553577288985245,1
pdfebc,https://github.com/slarse/pdfebc,ddc7b88f2b7df0063345c3e8c940ac76832a4af8,31,0,0.2927493453025802,1
pdfebc-core,https://github.com/slarse/pdfebc-core,fc40857bc42365b7434714333e37d7a3487603a0,39,0,0.6679616943001725,1
pdir2,https://github.com/laike9m/pdir2,ef5e2200074d68e2ca3df4ee441a1b9ea6ca5abc,33,1,3.5864712446928024,6
pdl,https://github.com/zerotosingularity/pdl,fd39c391101b3fe315631565a0f4eb7c99890789,9,1,0.8045246526598926,1
phonon-enumeration,https://github.com/wsmorgan/phonon-enumeration,5d7a8d8e3403cc387bdd58cf98a23e4751ea34dd,632,12,381.0693265274167,2
pidom,https://github.com/Oprax/pidom,b92741ee3c3e16cbaa2a2fa69ca1a103cfa52463,7,6,0.0889618098735805,5
pika,https://github.com/pika/pika,a3ae3e5aae3fd546e9ae73bff0175f5d61a9d39a,97,76,2.168339543044566,3
pingouin,https://github.com/raphaelvallat/pingouin,08560bb978949e97653b203f7374e90b022b88fb,83,2,115.58960906416178,2
pip-validate,https://github.com/ohjeah/pip-validate,9651b4dd6a252650c3a707218054b1baadc8b944,14,4,109.08198925852776,2
piripherals,https://github.com/quantenschaum/piripherals,74e4807a64363e3c95a03222fa250a1073387eaf,85,17,33.42067841440439,1
plai,https://github.com/matheusbsilva/plai,1d3bfb0438bb6bd2f8d8e42f17207f9449319763,61,0,3.616595797240733,1
plcx,https://github.com/Cognexa/plcx,2756c0ba78c4c9e572d95ba002708957bc55d4fa,83,3,2.1930328011512725,7
poio-lib,https://github.com/Poio-NLP/poio-lib,2af55c863593511dbcf4c611c9265072022d8cdb,17,0,8.216001957654953,2
policyd-rate-limit,https://github.com/nitmir/policyd-rate-limit,79eb4e1760fb9c0ea6e205cb6a0953be8105e0d4,13,13,0.5703490972518915,1
policyuniverse,https://github.com/Netflix-Skunkworks/policyuniverse,b633e572ecdba45d70398ac034fb44e0e4e7dbf8,32,0,1.4673360288143154,2
poly_decomp.py,https://github.com/wsilva32/poly_decomp.py,cb1a47f218e076772b9df137c1928023882df5e5,23,12,0.007550194859503501,5
pook,https://github.com/h2non/pook,2071da27701c82ce02b015e01e2aa6fd203e7bb5,32,0,3.4188112542033195,3
powerbox,https://github.com/steven-murray/powerbox,315e30b40b22e050304ca3a6600b8a1f28301c0b,74,2,74.23544489592314,3
primrose,https://github.com/ww-tech/primrose,bd9bb8d5d5aaf31d473d01645a862ac9d5fc6f8e,211,9,35.924641974270344,3
promise,https://github.com/syrusakbary/promise,4627315476f6b9fc82818327ae09b04f89f9bda7,127,24,1.5007351487874947,1
proxy.py,https://github.com/abhinavsingh/proxy.py,9b4263777bea7b3e00a1a3546511f2117f210a2b,121,1,3.6611617505550376,3
ptemcee,https://github.com/willvousden/ptemcee,a411be2e29e39585212c92acea1893f955aa9be8,10,0,208.03729313611984,1
puppetboard,https://github.com/voxpupuli/puppetboard,974c51ad6c08d99662ba013789565f63cd431b03,81,0,2.2747978344559665,25
py,https://github.com/rerobots/py,a0c46eda362355b8f7c84243724f48e916251319,15,1,3.127908170223236,3
py-KISSmetrics,https://github.com/kissmetrics/py-KISSmetrics,11cfc589e623f0bab8bc450f6fd169715544e377,50,0,2.453968994319439,1
py-vkontakte,https://github.com/sgaynetdinov/py-vkontakte,b03246b8d4b6f5ee5ab7e5c67e09e1f14b85fd9c,68,0,0.061941474676129225,1
pyMeterBus,https://github.com/ganehag/pyMeterBus,bc853aa38ac6b10301bdf97f13ac25b36985316f,209,0,0.8428616672754191,1
pyTrnsysType,https://github.com/samuelduchesne/pyTrnsysType,6cf552e4ccd66f7b728e84654e580befe2061114,88,6,7.32824594527483,1
py_ev,https://github.com/JBielan/py_ev,0a2d48235b8ff2268254c151a179a2ece40cbd37,16,0,628.0213838741183,1
pyais,https://github.com/M0r13n/pyais,d2ca5ff08c532fce5da1c9d268eb453924f12a33,68,11,0.18379442393779402,1
pyatlasclient,https://github.com/verdan/pyatlasclient,6c3ef3926eef059f00730b6bcc1a1787f6bbcd9c,62,0,0.11863214522599849,1
pybl3p,https://github.com/gijzelaerr/pybl3p,98c102c02cb93803ee47941a48a8aa8d62fa4d6c,12,7,5.1939261704683295,2
pybrake,https://github.com/airbrake/pybrake,9bf82941d8bf521055b258cea91596a11e4eb81f,39,1,6.63841138780117,1
pyconll,https://github.com/pyconll/pyconll,06481595c7816608facab72b5e7087cc01cb7482,126,0,0.43580909818410335,1
pydbvolve,https://github.com/Teamworksapp/pydbvolve,e18bb8cf98997c52de0cf30a8e106c480ba0bb57,64,10,10.580515190958975,3
pydeploy,https://github.com/yukinotenshi/pydeploy,e3ddf907b293c9da28503b3d72414a303c5dfbed,9,0,0.3777712956070896,4
pydrobert-gpyopt,https://github.com/sdrobert/pydrobert-gpyopt,ce2699ca89687f848c2a86db44eed125d65886de,9,2,384.4511131197214,1
pydu,https://github.com/Prodesire/pydu,4a1c2f15f7274d5079fb08b02ab1dbe08c0cefef,197,2,4.182720415294169,2
pyeventdispatcher,https://github.com/whisller/pyeventdispatcher,5382e5e8578dea89a76481e15d410d516999055a,11,0,0.004883736371993499,4
pyfilm,https://github.com/ferdinandvwyk/pyfilm.git,20688f59536c713650516f09e1873fcb5b506a17,23,15,26.866905763745308,1
pyflightdata,https://github.com/supercoderz/pyflightdata,ae59893f58f8bd1630c1c8f1ab9d388bbd72ee71,57,0,177.2106410264969,1
python-fs,https://github.com/chaosmail/python-fs,2567922ced9387e327e65f3244caff3b7af35684,61,0,0.03313160687684669,1
pygsheets,https://github.com/nithinmurali/pygsheets,01b9548dd56b50fa93e4a92ab879b048ae282158,60,2,195.36093880981207,9
pykew,https://github.com/RBGKew/pykew,557c1852ad7a4366467e344e7a46b42549ce8694,20,1,32.403590098023415,1
pykicad,https://github.com/dvc94ch/pykicad,cdebcaeb4ab6c8903ebecfd0748f826ea406923f,48,0,1.1441005542874323,28
pyliftover,https://github.com/konstantint/pyliftover,c95c70ab74686a6b5ac56e7601ccdbeab3178e52,11,0,19.691849924623966,1
pylocus,https://github.com/LCAV/pylocus,78db89636cab345cab8d61adc3accd95899e2738,24,5,32.75147622078657,2
pymdb,https://github.com/zembrodt/pymdb,bca5a414fdcdbbc1f86ed5b284945665c1edf43f,215,18,84.12131604552269,1
pymerkle,https://github.com/FoteinosMerg/pymerkle,5318009e04b2ae44e194b8435ef181aa67ab8b9a,15692,0,11.19244570285066,5
pymq,https://github.com/thrau/pymq,101857bca2b705c328d3bda3b26797b51e8ffb70,127,0,11.965562015771866,35
pynoorm,https://github.com/jpeyret/pynoorm,d6f7e0e102bb0eb4865beff75cf671b560ebc8b2,129,0,12.429247185587883,1
pyoos,https://github.com/ioos/pyoos.git,908660385029ecd8eccda8ab3a6b20b47b915c77,47,15,181.64901311695576,2
pyradigm,https://github.com/raamana/pyradigm,01d47cf34a9af4bb104e2891559059a522221b4d,114,0,7.491887822747229,15
pyserverpilot,https://github.com/opper/pyserverpilot,b6b896fea1155fa95febde84f74e0d2230523ab0,11,0,0.028223037719726,6
pysllo,https://github.com/kivio/pysllo,8bc4d17f9a668e9aff3c77f688f0c06ed2e7686b,92,12,0.29433123767375485,2
pyswarms,https://github.com/ljvmiranda921/pyswarms,08756526f39699eef28e515cac2ead17cef55710,466,12,204.50637560337782,7
pytenable,https://github.com/tenable/pytenable,79c769cf22799125c39fa9fb86c5ef333beb96b4,1429,42,73.98145267367363,112
pytest-django,https://github.com/pytest-dev/pytest-django,e613a885b019574e3c60f127539c878b187c914a,104,10,100.7822802439332,2
pytest-level,https://github.com/encukou/pytest-level,6a15132419429c95d67b77e9f8892e0a864a364f,7,1,4.4578332751989365,1
pytest-subtests,https://github.com/pytest-dev/pytest-subtests,96fc692a151f0709bf8ee209f8ce5d37b035f076,19,16,2.5088839754462238,1
pytest_exact_fixtures,https://github.com/lrowe/pytest_exact_fixtures,b72bf9d7661c65e1535e5fbbddc343fd6120e15c,2,1,0.0011655315756797,2
python-ansel,https://github.com/haney/python-ansel,afb2b28d8595beeb1f87e355b611f01e13b8e664,131,4,0.11597137898206027,1
python-dugong,https://github.com/python-dugong/python-dugong,00dd4d5aab6eddb116cace2829a9f93bda153664,236,236,6.820284470915792,1
python-jolokia,https://github.com/wbrefvem/python-jolokia,544f4b1fb18f2e476da95edd9dc02ef75858b6cb,36,0,0.1787697002291663,2
python-n26,https://github.com/femueller/python-n26,22cb609efbf5125e36879441ea20d5a1c2a51e98,24,0,0.5550420060753816,4
python-openflow,https://github.com/kytos/python-openflow,a3387a7b28d529a3605aa1506a028e03394e4526,441,49,0.5808444395661121,1
python-protobix,https://github.com/jbfavre/python-protobix,96b7095a9c2485c9e1bdba098b7d82b93f91acb1,98,1,1.3965416699647897,1
python-resource-container,https://github.com/unfoldingWord-dev/python-resource-container,64d87f900af969f47b20b798cf00c2861435b0d8,15,13,0.20183768868446272,2
python-telegram-handler,https://github.com/sashgorokhov/python-telegram-handler,4ac0e5cbb6ac3c3f81a57be6b3cea49dfd8e8ec4,16,0,0.03974562883377,1
python-ubersmith,https://github.com/jasonkeene/python-ubersmith,0c594e2eb41066d1fe7860e3a6f04b14c14f6e6a,299,0,0.4372813999652715,2
python-xrpc,https://github.com/andreycizov/python-xrpc,ed403ae74d5e89e0ebac68bcc58591d6b32742ff,105,12,150.62364515662193,2
python_dynamodb_lock,https://github.com/mohankishore/python_dynamodb_lock,be57d31492893ceb773e46892eaeb04858e287f3,29,0,6.30404644459486,1
pythondi,https://github.com/teamhide/pythondi,913e6a60fc5d02c3db385ad322f970ecec36969b,15,0,0.005001507699489,1
pytidy,https://github.com/taxpon/pytidy,0a0a54b80b53dadd8ecc8ff2db42444741b75865,6,0,0.0020631849765776,3
pytm,https://github.com/izar/pytm,724df0c6346706e9c3678bee11e23d9609d8fa4c,113,0,0.15571799129247127,2
pyvesync,https://github.com/markperdue/pyvesync,4a43bad8a7b9d3b2e7f580f1f3739f27a00bdc2b,99,0,0.31824231892823657,1
pyvesync_v2,https://github.com/webdjoe/pyvesync_v2,a5677b0599912fbc6dcc6604b0342e1edec92de1,99,0,0.3466674312949131,1
qer,https://github.com/sputt/qer,c77e6777967ee660447beb9522c867a7233ef78d,281,8,7.2829362824559185,12
qgrid,https://github.com/quantopian/qgrid,877b420d3bd83297bbcc97202b914001a85afff2,27,1,1.5167244374752036,1
qlmetrics,https://github.com/QsonLabs/qlmetrics,3a4cc70bb68ef9b476aaee562b82a4d54acfd826,28,0,0.133784972131251,1
rarfile,https://github.com/markokr/rarfile,65810aceeb872ed61ec14cb615ed12feefbbb89e,139,51,27.83942674845457,4
redisqueue,https://github.com/DevKeh/redisqueue,feac4dfc30837e0ab1a55a8479443ea74b2793f2,5,1,0.0028949230909344004,3
reframe,https://github.com/eth-cscs/reframe,576eb3f1dcc015d1e6d7a10602c748d4f810da68,736,141,85.56391090899706,189
regex4ocr,https://github.com/juntossomosmais/regex4ocr,9f96e9c6fe6ffc3e1452b23103fdfa6a0f1dcede,42,0,0.10185968130826732,1
region_cache,https://github.com/Teamworksapp/region_cache,8b2ae3ce4bb348c23a84d5fec546609e80579b94,75,75,0.2574777230620349,37
relic,https://github.com/spacetelescope/relic,d5fc7bf6dbe01eb89de3ff5c2f6cfec2b4a6047d,26,0,1.9033033251762386,2
req-compile,https://github.com/sputt/req-compile,c77e6777967ee660447beb9522c867a7233ef78d,281,8,6.897399418056008,11
riemann,https://github.com/summa-tx/riemann,0fda32e783487572c869aaabc6af7adba01cbd00,228,0,0.2114281281828767,18
ruTS,https://github.com/SergeyShk/ruTS,af02f627d9022f0f4825d9bed4ffc97d3d329f2d,113,7,2.078166693449017,1
runium,https://github.com/AGTGreg/runium,ba89015859976d3426d25a53af5fa4d8827c7483,40,1,3.661159537732601,5
rxpy-backpressure,https://github.com/daliclass/rxpy-backpressure,b1a7bddfb370884135d6f2e7d9a3dd332a90d7cc,19,1,21.72223361581564,1
saga,https://github.com/saga-vcs/saga,7beaae8831696ce813aa85620387e416719198db,104,6,137.93660583347082,27
sanic-envconfig,https://github.com/jamesstidard/sanic-envconfig,c68e09def2ce04c7ab91e443680ff64dc2ef61e1,30,20,0.1635568514466269,7
schemaindex,https://github.com/qiyangduan/schemaindex,83bfb96c78d194370b068e11f89a9e4d6af48a46,5,2,0.9829947352409361,1
schematics_to_swagger,https://github.com/Alexei-Kornienko/schematics_to_swagger,d9c1c9e43a25c5a4ff60701b3bf22fc039c815c2,7,0,0.0039415508508679,2
scikit-fem,https://github.com/kinnala/scikit-fem,4aa87e15fd05dfbbad2367ef2303f398d5afddcc,148,11,792.1176191046834,2
scikit-hep,https://github.com/scikit-hep/scikit-hep,e78234da9e754e380a7d871afb56b20baa73b99b,56,3,4.038876369595528,2
scsm,https://github.com/bubylou/scsm,a67059c398b40e31296faea25ae20d3dc78070bd,58,45,0.7605936080217333,1
sdklib,https://github.com/ivanprjcts/sdklib,5384b1c7f05abd6350151c08ad6a4a8b5855f8f0,203,7,83.71557604521512,1
securenative-python,https://github.com/securenative/securenative-python,0eae99733b7565341487ad32f044be8dc51032cd,37,1,4.9607184529304496,6
selenium-wire,https://github.com/wkeeling/selenium-wire,f80339bc2da0485fbba4165375c009b90efdb3c2,235,0,38.61276676505804,34
serpextract,https://github.com/Parsely/serpextract,aec8f2bd79c66953938569a24b05c693ab70b4ce,14,0,1.3599456548690791,6
sfpl-scraper,https://github.com/kajchang/sfpl-scraper,d97cc55f28fc75bf8de3fe5472ed0c2c55a09081,14,10,15.20816970616579,2
six,https://github.com/benjaminp/six,c0be8815d13df45b6ae471c4c436cce8c192245d,200,15,0.29259973764418584,1
skillful,https://github.com/bmweiner/skillful,8646f54faf62cb63f165f7699b8ace5b4a08233c,87,2,0.6381771191954573,2
son,https://github.com/flokno/son,a860c049e276151c8fddf82fdbe833d4127ada0d,9,3,0.0181054696440692,2
sphinx-gallery,https://github.com/sphinx-gallery/sphinx-gallery,387900334ace5c0bf74e9e90aad1e8d2a54e6f17,161,3,77.34227980673313,20
sporco,https://github.com/bwohlberg/sporco,efd9237ec0d254e2ff630ad0ac17eb8dc566c586,405,1,253.0453045964241,1
sportsreference,https://github.com/roclark/sportsreference,0041953074d6c20f607049917f3b526c9af686a4,681,2,0.11400979012249224,147
spylon-kernel,https://github.com/maxpoint/spylon-kernel,2d0ddf2aca1b91738f938b72a500c20293e3156c,31,29,1.3526136204600323,1
stackify-api-python,https://github.com/stackify/stackify-api-python,c2625f558c41dc6c79474226b1ca7766b192dd66,89,0,0.6571892797946887,4
statsd-metrics,https://github.com/farzadghanei/statsd-metrics,153ff37b79777f208e49bb9d3fb737ba52b99f98,147,0,4.426508687436581,1
stowage,https://github.com/michaelpb/stowage,7c619be755b9b73fd202367bcf9014472f318834,10,1,0.017189316451549,5
skipper,https://github.com/Stratoscale/skipper,dde3194bf6cf227b30c6e54b18c37317d2e0647e,86,47,0.7725058645009958,3
supertunnel,https://github.com/alexrudy/supertunnel,4c64e2fedda3382b809a2c3d01c711ec4961f933,80,0,0.1122092008590664,9
swpy,https://github.com/peinan/swpy,262515d410bddaa3da72721ae2c11cfda1e2ee37,7,0,4.429565563797951,2
symphony,https://github.com/SurrealAI/symphony,747b87eee20d48032b4a554950687d0b1209fd24,29,21,0.6672696322202669,12
tangle,https://github.com/fifman/tangle,a36cff74d7f09bf8f24a91929b844ea1be7b1bcd,12,0,0.014982156455516302,1
taxi,https://github.com/sephii/taxi,a330f044017c2862ba41fd7fa2e5f35d8807f968,237,0,3.4462007805705035,77
terrascan,https://github.com/cesar-rodriguez/terrascan,fd4ca9d23e694185fd5cb9ddf357b52b15adc6ca,3,0,2.6295340806245804,1
thredds_crawler,https://github.com/ioos/thredds_crawler,fb29ea2fb8d079cacc6c09f79245e8f54f77c6a6,10,4,14.131156757473947,1
todo-sync,https://github.com/tmurph/todo-sync,32915e9a1509aa2c4083613e256cb0d502c441aa,223,4,0.3007400184869661,11
token-io,https://github.com/overcat/token-io,f1b14fef9fd64989b9c9e5c076272f72253b39ed,37,37,19.106257796287537,3
tokendito,https://github.com/dowjones/tokendito,f5d8e5171ddcca0c62925263ddb80535f51aded3,50,2,14.391298986971378,4
torchpwl,https://github.com/PiotrDabkowski/torchpwl,73b09cfa9f4c173988d8f075485b887c694fc5a8,142,0,4.44216717034578,6
trender,https://github.com/transceptor-technology/trender,ef2b7374ea2ecc83dceb139b358ec4ad8ce7033b,13,0,0.9134543016552921,1
tunacell,https://github.com/LeBarbouze/tunacell,837d57e1e6caeddf2e6bcdd2db2986fb456dd605,39,7,0.4533867835998517,12
uberdict,https://github.com/eukaryote/uberdict,852b9d8b80ab032ce7eb5c439ea8084336b69d04,148,1,0.09828933328389373,4
ucal,https://github.com/timkostka/ucal,df0ccbc5f8af54fc69df56191bd810481a17b0e3,43,0,0.027140513062474704,2
upaas-common,https://github.com/prymitive/upaas-common,7a7d9ffb385151092c637c3ef500a79623c005ae,92,10,1.1560334712266922,3
urlquick,https://github.com/willforde/urlquick,db765372b73800cfa056047a3f3331820abd4ae8,185,1,0.30707438290118266,1
Utter-More,https://github.com/crumpstrr33/Utter-More,418cf5f5ef337700bf0897e746eff8bb275e6da6,10,0,0.0101786553859706,4
vcdriver,https://github.com/Osirium/vcdriver,2f311df9a73c82b5837d01bac16a10eb4db955eb,82,12,6.510190106928348,1
wcraas_common,https://github.com/WCraaS/wcraas_common,af209ab412c18473edfaaf2871eef9c0357b91e9,7,0,0.015636324882507,1
web_dict,https://github.com/upday7/web_dict,c7be8a69028b1fa8be61417b25e322083e2dd2a7,8,0,6.661240875720978,1
webssh,https://github.com/huashengdun/webssh,51d527fe75a62aed239126a6697749a30baecb30,89,1,15.158498607575892,29
wechatkit,https://github.com/istommao/wechatkit,e46341c29a69805a8e4c425dc620039fb06b1e45,61,0,9.516101472079754,1
weibo-scraper,https://github.com/Xarrow/weibo-scraper,8d1ffc9060ae7ddba217093c23ab8111f9b351c8,14,0,53.14383966475725,2
wellpathpy,https://github.com/Zabamund/wellpathpy,f29b14a9a1c46e77ea98b141e3cdc43674654ea2,113,0,15.174148030579088,1
wkr.py,https://github.com/wroberts/wkr.py,dbb3c1742c10bfaf697fa276d2cc8885e144ab43,192,1,2.209389612078657,34
wopmars,https://github.com/aitgon/wopmars,33680f94163d82ce43557cf7f87a5f9ead496fdc,54,0,71.60050839185715,3
wqio,https://github.com/Geosyntec/wqio,8fcd57cc8b8365208eeee0162438307db0ca0dbb,686,13,79.66445010900497,4
yamicache,https://github.com/mtik00/yamicache,1109d08b18be94bdee55e113309f7be29f25d840,22,0,20.693182982504368,5
yaml-resume,https://github.com/notsag/yaml-resume,25ad6695993a7dab540730e8743d88b28e52df0e,24,3,2.001979380846023,1
yapconf,https://github.com/loganasherjones/yapconf,f685ed6a6f532a8f836deb205fc2509e9422329b,239,0,2.146223492920389,2
yunomi,https://github.com/dreid/yunomi,1aa3f166843613331b38e231264ffc3ac40e8094,52,0,0.08871739357709651,4
zanna,https://github.com/MirkoRossini/zanna,4c28b5ea3940fba69bee3fdf965a039c9b8f45c5,58,0,0.04047182202338881,2
zenmake,https://github.com/pustotnik/zenmake,6cff05114cea34fc204d9e95422f11dc25cd1228,832,461,1325.5916533991694,62
